molecule_chembl_id,pref_name,S_mchr1,S_mchr1_tierB,S_herg,selectivity_score,hit
CHEMBL142703,VILDAGLIPTIN,0.3086,0.1932,0.1778,0.1309,False
CHEMBL385517,SAXAGLIPTIN ANHYDROUS,0.2069,0.1319,0.1375,0.0694,False
CHEMBL1201743,SAXAGLIPTIN HYDROCHLORIDE,0.2045,0.1304,0.1358,0.0687,False
CHEMBL259972,MOFEZOLAC,0.2836,0.2787,0.2353,0.0483,False
CHEMBL462394,METRIZAMIDE,0.1809,0.1591,0.1522,0.0287,False
CHEMBL221959,TOFACITINIB,0.2472,0.2316,0.2198,0.0274,False
CHEMBL33,LEVOFLOXACIN ANHYDROUS,0.2333,0.2118,0.2069,0.0264,False
CHEMBL4,OFLOXACIN,0.2333,0.2118,0.2069,0.0264,False
CHEMBL5315124,LEVOFLOXACIN,0.2308,0.2093,0.2045,0.0262,False
CHEMBL2104489,ANAGESTONE ACETATE,0.1978,0.1753,0.172,0.0258,False
CHEMBL1560089,XANTHINOL NIACINATE,0.2447,0.2,0.22,0.0247,False
CHEMBL924,ZOLEDRONIC ACID ANHYDROUS,0.2025,0.2143,0.1781,0.0244,False
CHEMBL4303669,ZOLEDRONIC ACID,0.2,0.2113,0.1757,0.0243,False
CHEMBL221326,DIQUAFOSOL,0.1818,0.1628,0.1585,0.0233,False
CHEMBL1767408,DIQUAFOSOL TETRASODIUM,0.1778,0.1724,0.1548,0.023,False
CHEMBL11662,OZAGREL,0.2561,0.339,0.2353,0.0208,False
CHEMBL2364632,SARECYCLINE,0.1881,0.1593,0.1683,0.0198,False
CHEMBL2364633,SARECYCLINE HYDROCHLORIDE,0.1863,0.1579,0.1667,0.0196,False
CHEMBL354541,LOMITAPIDE,0.3226,0.3196,0.3049,0.0177,False
CHEMBL1789842,INDACATEROL MALEATE,0.2258,0.2165,0.215,0.0109,False
CHEMBL110691,CHLORMADINONE ACETATE,0.1828,0.2024,0.172,0.0108,False
CHEMBL1095777,INDACATEROL,0.2299,0.2065,0.2198,0.0101,False
CHEMBL152,CIDOFOVIR ANHYDROUS,0.1829,0.2027,0.1728,0.0101,False
CHEMBL5314375,CIDOFOVIR,0.1807,0.2,0.1707,0.01,False
CHEMBL2105662,LOMITAPIDE MESYLATE,0.3061,0.3168,0.2967,0.0094,False
CHEMBL765,GUANETHIDINE,0.2647,0.25,0.2558,0.0089,False
CHEMBL1456,MYCOPHENOLATE MOFETIL,0.2245,0.2245,0.2157,0.0088,False
CHEMBL1200955,MYCOPHENOLATE MOFETIL HYDROCHLORIDE,0.2222,0.2222,0.2136,0.0086,False
CHEMBL2095208,COBICISTAT,0.2432,0.2321,0.2353,0.0079,False
CHEMBL2106556,CYCLOBARBITAL CALCIUM,0.1585,0.1481,0.1529,0.0056,False
CHEMBL1617,RIFAXIMIN,0.1628,0.1855,0.1575,0.0053,False
CHEMBL518520,RALTEGRAVIR POTASSIUM,0.2474,0.2414,0.2421,0.0053,False
CHEMBL254316,RALTEGRAVIR,0.2526,0.2471,0.2473,0.0053,False
CHEMBL6466,COUMARIN,0.2459,0.2586,0.2407,0.0052,False
CHEMBL1037,GUANADREL,0.1429,0.1519,0.1379,0.0049,False
CHEMBL3182320,TROXERUTIN,0.1963,0.2421,0.1915,0.0048,False
CHEMBL2103875,TRAMETINIB,0.2843,0.2929,0.2796,0.0047,False
CHEMBL1788403,BIOALLETHRIN,0.1585,0.1562,0.1538,0.0047,False
CHEMBL430,GEMIFLOXACIN,0.2079,0.2075,0.2039,0.004,False
CHEMBL4297590,DARIDOREXANT,0.2604,0.25,0.2574,0.003,False
CHEMBL1909298,PINAVERIUM BROMIDE,0.1919,0.1748,0.1889,0.003,False
CHEMBL1909324,PINAVERIUM,0.1939,0.1765,0.191,0.0029,False
CHEMBL4650216,DARIDOREXANT HYDROCHLORIDE,0.2577,0.2475,0.2549,0.0028,False
CHEMBL2107830,EMPAGLIFLOZIN,0.2333,0.2245,0.2308,0.0026,False
CHEMBL197084,TROFINETIDE,0.1744,0.1728,0.1724,0.002,False
CHEMBL1201139,MEGESTROL ACETATE,0.172,0.1765,0.1705,0.0016,False
CHEMBL1200498,ALATROFLOXACIN MESYLATE,0.2336,0.2121,0.2323,0.0013,False
CHEMBL1200779,TROVAFLOXACIN MESYLATE,0.2371,0.2211,0.236,0.0012,False
CHEMBL717,MEDROXYPROGESTERONE ACETATE,0.1828,0.1828,0.1818,0.001,False
CHEMBL1788386,TETRAMETHRIN,0.1724,0.1705,0.1714,0.001,False
CHEMBL1131,ACITRETIN,0.1786,0.1975,0.1778,0.0008,False
CHEMBL1371,CHLORZOXAZONE,0.2923,0.2656,0.2917,0.0006,False
CHEMBL1201197,ALATROFLOXACIN,0.2427,0.2211,0.2421,0.0006,False
CHEMBL2103743,TOFACITINIB CITRATE,0.22,0.219,0.22,0.0,False
CHEMBL4802249,LENACAPAVIR SODIUM,0.1849,0.1905,0.1852,-0.0003,False
CHEMBL4594438,LENACAPAVIR,0.1875,0.1931,0.188,-0.0005,False
CHEMBL2107703,FENTICONAZOLE NITRATE,0.233,0.2347,0.234,-0.001,False
CHEMBL1476022,NOMEGESTROL ACETATE,0.1667,0.1705,0.1687,-0.002,False
CHEMBL1624126,XANTHINOL,0.2317,0.2118,0.2338,-0.0021,False
CHEMBL4297522,PEMIGATINIB,0.2525,0.2475,0.2549,-0.0024,False
CHEMBL1752,DYPHYLLINE,0.1923,0.2073,0.1951,-0.0028,False
CHEMBL803,CYTARABINE,0.1707,0.1884,0.1739,-0.0032,False
CHEMBL2111286,RANITIDINE BISMUTH CITRATE,0.1613,0.2,0.1648,-0.0035,False
CHEMBL1200796,CYCLOPHOSPHAMIDE,0.1169,0.1266,0.1212,-0.0043,False
CHEMBL2104594,CALCIUM GLUBIONATE,0.119,0.099,0.1235,-0.0044,False
CHEMBL2219740,CALCIUM GLUBIONATE ANHYDROUS,0.1205,0.1,0.125,-0.0045,False
CHEMBL1661,LACTITOL,0.1081,0.1039,0.1127,-0.0046,False
CHEMBL88,CYCLOPHOSPHAMIDE ANHYDROUS,0.1184,0.1139,0.1231,-0.0047,False
CHEMBL268164,CYCLOBARBITAL,0.1558,0.15,0.1607,-0.0049,False
CHEMBL1201066,VENLAFAXINE HYDROCHLORIDE,0.2647,0.2581,0.2698,-0.0051,False
CHEMBL637,VENLAFAXINE,0.2687,0.2623,0.2742,-0.0055,False
CHEMBL3989750,GLUCOSAMINE SULFATE,0.1053,0.1127,0.1111,-0.0058,False
CHEMBL1757,FOSFOMYCIN,0.1029,0.1061,0.1087,-0.0058,False
CHEMBL1200470,ESOMEPRAZOLE SODIUM,0.191,0.253,0.197,-0.006,False
CHEMBL1567328,OMEPRAZOLE MAGNESIUM,0.191,0.253,0.197,-0.006,False
CHEMBL1237066,CALCIUM GLUCEPTATE,0.125,0.1045,0.1311,-0.0061,False
CHEMBL2107374,SUGAMMADEX SODIUM,0.0952,0.0952,0.1017,-0.0065,False
CHEMBL2106119,CALCIUM GLUCONATE,0.1268,0.1061,0.1333,-0.0066,False
CHEMBL3989887,TACROLIMUS,0.1473,0.1606,0.1545,-0.0072,False
CHEMBL3989756,TALC,0.0484,0.0615,0.0556,-0.0072,False
CHEMBL269732,TACROLIMUS ANHYDROUS,0.1484,0.1618,0.1557,-0.0073,False
CHEMBL2105741,TRAMETINIB DIMETHYL SULFOXIDE,0.271,0.2788,0.2784,-0.0073,False
CHEMBL3990276,TALC ANHYDROUS,0.0492,0.0625,0.0566,-0.0074,False
CHEMBL225071,RALTITREXED,0.1961,0.2427,0.2037,-0.0076,False
CHEMBL2068884,SODIUM GLUCONATE,0.0923,0.1,0.1,-0.0077,False
CHEMBL562,GRISEOFULVIN,0.1818,0.2024,0.1899,-0.0081,False
CHEMBL1201096,KRYPTON KR 81M,0.0167,0.0185,0.025,-0.0083,False
CHEMBL1200625,STRONTIUM CHLORIDE SR 89,0.0294,0.0328,0.0377,-0.0083,False
CHEMBL1234579,NITROUS OXIDE,0.0317,0.0408,0.04,-0.0083,False
CHEMBL4594273,ELACESTRANT HYDROCHLORIDE,0.2316,0.3023,0.24,-0.0084,False
CHEMBL4297509,ELACESTRANT,0.234,0.3059,0.2424,-0.0084,False
CHEMBL977,HYDROCORTISONE HEMISUCCINATE ANHYDROUS,0.1667,0.1649,0.1753,-0.0086,False
CHEMBL43708,IMIPENEM,0.17,0.1717,0.1786,-0.0086,False
CHEMBL1345,GUANETHIDINE MONOSULFATE,0.2639,0.25,0.2727,-0.0088,False
CHEMBL1200968,HYDROCORTISONE SODIUM PHOSPHATE,0.17,0.1648,0.1789,-0.0089,False
CHEMBL148,IMIPENEM ANHYDROUS,0.1717,0.1735,0.1807,-0.009,False
CHEMBL1641,HYDROCORTISONE PHOSPHORIC ACID,0.1717,0.1667,0.1809,-0.0091,False
CHEMBL1200398,BUTOCONAZOLE NITRATE,0.2268,0.2674,0.236,-0.0092,False
CHEMBL1201083,SODIUM IODIDE I 123,0.0185,0.0308,0.0278,-0.0093,False
CHEMBL1201125,IOTHALAMATE MEGLUMINE,0.1429,0.1573,0.1522,-0.0093,False
CHEMBL1129,TRIFLURIDINE,0.1667,0.2208,0.1765,-0.0098,False
CHEMBL3989885,TRIMEPRAZINE TARTRATE,0.2436,0.2464,0.2535,-0.0099,False
CHEMBL917,FLOXURIDINE,0.1728,0.1818,0.1829,-0.0101,False
CHEMBL940,GABAPENTIN,0.1471,0.1455,0.1573,-0.0102,False
CHEMBL1200744,SODIUM FLUORIDE F 18,0.0164,0.0217,0.027,-0.0106,False
CHEMBL1528,SODIUM FLUORIDE,0.0164,0.0217,0.027,-0.0106,False
CHEMBL1200829,GLUCONOLACTONE,0.1143,0.125,0.125,-0.0107,False
CHEMBL1160819,"AMMONIA SOLUTION, STRONG",0.0147,0.0139,0.0256,-0.0109,False
CHEMBL1200356,CYCLACILLIN,0.1765,0.1765,0.1875,-0.011,False
CHEMBL2146140,ESOMEPRAZOLE STRONTIUM,0.1889,0.25,0.2,-0.0111,False
CHEMBL1200495,HYDROCORTISONE SODIUM SUCCINATE,0.1524,0.1616,0.1635,-0.0111,False
CHEMBL4303454,DORIPENEM MONOHYDRATE,0.1633,0.1584,0.1744,-0.0112,False
CHEMBL2105669,TEDIZOLID PHOSPHATE,0.2277,0.2842,0.2389,-0.0112,False
CHEMBL2105420,TAUROLIDINE,0.1408,0.127,0.1522,-0.0113,False
CHEMBL491571,DORIPENEM,0.1649,0.16,0.1765,-0.0115,False
CHEMBL474579,CEFOTETAN,0.1593,0.1468,0.1709,-0.0116,False
CHEMBL3301607,FILGOTINIB,0.2824,0.3026,0.2941,-0.0118,False
CHEMBL1201010,FLUDROCORTISONE ACETATE,0.1616,0.1753,0.1735,-0.0119,False
CHEMBL1091,HYDROCORTISONE ACETATE,0.1633,0.1739,0.1753,-0.012,False
CHEMBL1650,CORTISONE ACETATE,0.1649,0.163,0.1771,-0.0121,False
CHEMBL2443262,OLICERIDINE,0.2062,0.2088,0.2184,-0.0122,False
CHEMBL1235452,SULFUR,0.0164,0.037,0.0286,-0.0122,False
CHEMBL428,TROVAFLOXACIN,0.2258,0.2222,0.2381,-0.0123,False
CHEMBL4594260,TAZEMETOSTAT HYDROBROMIDE,0.2828,0.2857,0.2955,-0.0126,False
CHEMBL1201084,SODIUM IODIDE I 131,0.0143,0.0217,0.027,-0.0127,False
CHEMBL1200731,POTASSIUM CHLORIDE,0.0167,0.0317,0.0294,-0.0127,False
CHEMBL1222250,DEXTROSE,0.0806,0.0938,0.0933,-0.0127,False
CHEMBL1200475,DAUNORUBICIN CITRATE,0.1681,0.1897,0.181,-0.013,False
CHEMBL3414621,TAZEMETOSTAT,0.2857,0.2887,0.2989,-0.0131,False
CHEMBL1200621,GEMIFLOXACIN MESYLATE,0.1981,0.1982,0.2115,-0.0134,False
CHEMBL515914,AZARIBINE,0.1744,0.1889,0.1882,-0.0138,False
CHEMBL550755,FORODESINE HYDROCHLORIDE,0.1304,0.1538,0.1443,-0.0139,False
CHEMBL1200925,"POTASSIUM PHOSPHATE, MONOBASIC",0.0615,0.08,0.0755,-0.0139,False
CHEMBL1060,"SODIUM PHOSPHATE, DIBASIC, ANHYDROUS",0.0615,0.0833,0.0755,-0.0139,False
CHEMBL1200459,"POTASSIUM PHOSPHATE, DIBASIC",0.0615,0.08,0.0755,-0.0139,False
CHEMBL2107525,SODIUM PHOSPHATE P 32,0.0615,0.0833,0.0755,-0.0139,False
CHEMBL277535,BIFONAZOLE,0.2125,0.2,0.2264,-0.0139,False
CHEMBL1368,"SODIUM PHOSPHATE, MONOBASIC",0.0615,0.0833,0.0755,-0.0139,False
CHEMBL218291,FORODESINE,0.1319,0.1556,0.1458,-0.014,False
CHEMBL1200939,AMMONIUM CHLORIDE,0.0145,0.0169,0.0286,-0.0141,False
CHEMBL3237547,CEDAZURIDINE,0.1566,0.1605,0.1707,-0.0141,False
CHEMBL1096,AMLEXANOX,0.2045,0.2667,0.2188,-0.0142,False
CHEMBL1200706,ALUMINUM HYDROXIDE,0.0345,0.0435,0.0488,-0.0143,False
CHEMBL2107560,"SODIUM PHOSPHATE, DIBASIC",0.0606,0.0833,0.075,-0.0144,False
CHEMBL4802135,NIRMATRELVIR,0.1667,0.1833,0.181,-0.0144,False
CHEMBL404,TAZOBACTAM,0.1685,0.1889,0.1829,-0.0144,False
CHEMBL3833368,RUCAPARIB CAMSYLATE,0.1909,0.2124,0.2056,-0.0147,False
CHEMBL4298167,FILGOTINIB MALEATE,0.2727,0.2875,0.2877,-0.0149,False
CHEMBL1473,FLUTICASONE PROPIONATE,0.1455,0.1546,0.1604,-0.0149,False
CHEMBL1200839,DIATRIZOATE MEGLUMINE,0.1429,0.1667,0.1579,-0.015,False
CHEMBL2105224,PHOLCODINE,0.2796,0.24,0.2947,-0.0152,False
CHEMBL1200721,ESTRAMUSTINE PHOSPHATE SODIUM,0.2079,0.2333,0.2233,-0.0154,False
CHEMBL777,CLAVULANIC ACID,0.1467,0.1739,0.1622,-0.0155,False
CHEMBL86304,MOCLOBEMIDE,0.3662,0.5,0.3818,-0.0156,False
CHEMBL3833319,REVEFENACIN,0.2967,0.4096,0.3125,-0.0158,False
CHEMBL2021430,DEXAMETHASONE SODIUM PHOSPHATE,0.1589,0.17,0.1748,-0.0159,False
CHEMBL3182343,PIVAMPICILLIN,0.2,0.2,0.2159,-0.0159,False
CHEMBL1200762,BETAMETHASONE SODIUM PHOSPHATE,0.1589,0.17,0.1748,-0.0159,False
CHEMBL1457,HYDROCODONE,0.2088,0.236,0.2247,-0.0159,False
CHEMBL3183075,NIZATIDINE,0.1505,0.1918,0.1667,-0.0161,False
CHEMBL1201207,BETAMETHASONE PHOSPHORIC ACID,0.1604,0.1717,0.1765,-0.0161,False
CHEMBL2096633,MAGNESIUM TRISILICATE,0.0597,0.0694,0.0758,-0.0161,False
CHEMBL1201302,DEXAMETHASONE PHOSPHORIC ACID,0.1604,0.1717,0.1765,-0.0161,False
CHEMBL4594217,CANAGLIFLOZIN,0.1789,0.241,0.1951,-0.0162,False
CHEMBL1201041,AZLOCILLIN SODIUM,0.219,0.2062,0.2353,-0.0162,False
CHEMBL3183184,OCTINOXATE,0.2133,0.2987,0.2295,-0.0162,False
CHEMBL1597,DIMERCAPROL,0.0746,0.069,0.0909,-0.0163,False
CHEMBL1200820,PIPERACILLIN SODIUM,0.211,0.2151,0.2273,-0.0163,False
CHEMBL256087,MENTHOL,0.12,0.1579,0.1364,-0.0164,False
CHEMBL1200988,METHANTHELINE BROMIDE,0.1807,0.2564,0.1972,-0.0165,False
CHEMBL1200538,BETAMETHASONE ACETATE,0.1635,0.1753,0.18,-0.0165,False
CHEMBL1707007,GLUCOSAMINE HYDROCHLORIDE,0.0946,0.1194,0.1111,-0.0165,False
CHEMBL5315117,ZANAMIVIR HYDRATE,0.1522,0.1707,0.1687,-0.0165,False
CHEMBL885,EMTRICITABINE,0.1687,0.1923,0.1852,-0.0165,False
CHEMBL1530428,DEXAMETHASONE ACETATE,0.1635,0.1753,0.18,-0.0165,False
CHEMBL1200975,CLOCORTOLONE PIVALATE,0.1635,0.1683,0.18,-0.0165,False
CHEMBL2048484,CANAGLIFLOZIN ANHYDROUS,0.1809,0.2439,0.1975,-0.0167,False
CHEMBL2219642,MAGNESIUM CHLORIDE ANHYDROUS,0.0167,0.0323,0.0333,-0.0167,False
CHEMBL1200463,OXAPROZIN POTASSIUM,0.2055,0.2113,0.2222,-0.0167,False
CHEMBL1201748,CABAZITAXEL,0.1527,0.1719,0.1695,-0.0168,False
CHEMBL1234886,OXYGEN,0.0196,0.0278,0.0364,-0.0168,False
CHEMBL2105638,DELAFLOXACIN MEGLUMINE,0.1795,0.1982,0.1963,-0.0168,False
CHEMBL493287,GLUCOSAMINE,0.0959,0.1212,0.1127,-0.0168,False
CHEMBL222813,ZANAMIVIR,0.1538,0.1728,0.1707,-0.0169,False
CHEMBL2107816,RADIUM RA 223 DICHLORIDE,0.0274,0.0517,0.0444,-0.017,False
CHEMBL2035187,PACRITINIB,0.26,0.2842,0.2771,-0.0171,False
CHEMBL1201264,METHANTHELINE,0.1829,0.2597,0.2,-0.0171,False
CHEMBL2110557,RUBIDIUM CHLORIDE,0.0167,0.0208,0.0339,-0.0172,False
CHEMBL1200732,AMCINONIDE,0.1604,0.1652,0.1776,-0.0172,False
CHEMBL1187,PHOSPHORIC ACID,0.0566,0.0851,0.0741,-0.0175,False
CHEMBL729,LOPINAVIR,0.2035,0.2381,0.2211,-0.0175,False
CHEMBL1531,ETONOGESTREL,0.1386,0.1546,0.1562,-0.0176,False
CHEMBL1276308,MIFEPRISTONE,0.1456,0.1771,0.1633,-0.0176,False
CHEMBL2110372,RANITIDINE HYDROCHLORIDE,0.1707,0.2174,0.1884,-0.0177,False
CHEMBL1201731,NEBIVOLOL HYDROCHLORIDE,0.2353,0.2429,0.253,-0.0177,False
CHEMBL1200353,MEGLUMINE METRIZOATE,0.13,0.1569,0.1477,-0.0177,False
CHEMBL384467,DEXAMETHASONE,0.1717,0.172,0.1895,-0.0178,False
CHEMBL632,BETAMETHASONE,0.1717,0.172,0.1895,-0.0178,False
CHEMBL1576,ETHINAMATE,0.1429,0.1304,0.1607,-0.0179,False
CHEMBL434394,NEBIVOLOL,0.2381,0.2464,0.2561,-0.018,False
CHEMBL1024,IFOSFAMIDE,0.1429,0.1724,0.1609,-0.0181,False
CHEMBL1200877,FLUMETHASONE PIVALATE,0.1589,0.17,0.1771,-0.0182,False
CHEMBL608533,MIDOSTAURIN,0.1818,0.215,0.2,-0.0182,False
CHEMBL1790041,RANITIDINE,0.1728,0.2206,0.1912,-0.0183,False
CHEMBL702,PIPERACILLIN,0.217,0.2222,0.2353,-0.0183,False
CHEMBL1451,TRIAMCINOLONE,0.1753,0.163,0.1935,-0.0183,False
CHEMBL4297503,BALOXAVIR MARBOXIL,0.1917,0.2047,0.2101,-0.0184,False
CHEMBL1201775,SAPROPTERIN DIHYDROCHLORIDE,0.1395,0.1538,0.1579,-0.0184,False
CHEMBL1265,ADAPALENE,0.2289,0.2836,0.2473,-0.0184,False
CHEMBL1537,AZLOCILLIN,0.2255,0.2128,0.2439,-0.0184,False
CHEMBL1908360,EVEROLIMUS,0.1333,0.1678,0.1517,-0.0184,False
CHEMBL476960,VOGLIBOSE,0.1282,0.1348,0.1467,-0.0185,False
CHEMBL428647,PACLITAXEL,0.16,0.1818,0.1786,-0.0186,False
CHEMBL2109882,TRISILICATE,0.0758,0.0862,0.0943,-0.0186,False
CHEMBL5095049,PACRITINIB CITRATE,0.2455,0.3021,0.2642,-0.0187,False
CHEMBL2103846,ULIPRISTAL,0.16,0.1935,0.1789,-0.0189,False
CHEMBL1200789,TRICLOFOS SODIUM,0.0882,0.1061,0.1071,-0.0189,False
CHEMBL142438,NITROGEN,0.0196,0.0333,0.0385,-0.0189,False
CHEMBL1257051,TEDIZOLID,0.234,0.3034,0.253,-0.019,False
CHEMBL5315121,TECOVIRIMAT MONOHYDRATE,0.241,0.3281,0.2603,-0.0193,False
CHEMBL2107806,TALAPORFIN SODIUM,0.1288,0.1575,0.1481,-0.0194,False
CHEMBL106,FLUCONAZOLE,0.2093,0.1975,0.2289,-0.0196,False
CHEMBL1200689,NITRIC OXIDE,0.0392,0.0426,0.0588,-0.0196,False
CHEMBL3989754,FLURBIPROFEN SODIUM,0.2025,0.2703,0.2222,-0.0197,False
CHEMBL1637,GEMCITABINE HYDROCHLORIDE,0.1609,0.1875,0.1807,-0.0198,False
CHEMBL2107239,IOXITALAMIC ACID,0.1605,0.2167,0.1803,-0.0198,False
CHEMBL1561,MIGLITOL,0.1282,0.1846,0.1481,-0.0199,False
CHEMBL1064,SIMVASTATIN,0.1468,0.1753,0.1667,-0.0199,False
CHEMBL1257073,TECOVIRIMAT,0.2439,0.3333,0.2639,-0.02,False
CHEMBL1908359,SODIUM MONOFLUOROPHOSPHATE,0.0588,0.08,0.0789,-0.0201,False
CHEMBL888,GEMCITABINE,0.1628,0.1899,0.1829,-0.0201,False
CHEMBL493,BROMOCRIPTINE,0.1797,0.1818,0.2,-0.0203,False
CHEMBL1977579,STREPTOZOCIN,0.1205,0.1263,0.1408,-0.0204,False
CHEMBL3989866,BICTEGRAVIR,0.1961,0.2022,0.2165,-0.0204,False
CHEMBL1735,INDINAVIR SULFATE,0.2213,0.2167,0.2417,-0.0204,False
CHEMBL2219640,STRONTIUM CHLORIDE,0.0167,0.0208,0.037,-0.0204,False
CHEMBL5314362,ENTECAVIR,0.1613,0.1928,0.1818,-0.0205,False
CHEMBL1200908,HALOBETASOL PROPIONATE,0.1429,0.1583,0.1635,-0.0206,False
CHEMBL4297528,RISDIPLAM,0.1856,0.2805,0.2062,-0.0206,False
CHEMBL2103855,TELOTRISTAT,0.2039,0.2316,0.2245,-0.0206,False
CHEMBL1236821,XYLOSE,0.1,0.0962,0.1207,-0.0207,False
CHEMBL3184143,GUANADREL SULFATE,0.1481,0.1566,0.1688,-0.0207,False
CHEMBL713,ENTECAVIR ANHYDROUS,0.163,0.1951,0.1839,-0.0209,False
CHEMBL1201317,TRICLOFOS,0.0923,0.1111,0.1132,-0.0209,False
CHEMBL4301898,BRILLIANT BLUE G FREE ACID,0.1983,0.211,0.2193,-0.021,False
CHEMBL493982,VORAPAXAR,0.211,0.2596,0.2321,-0.0211,False
CHEMBL847,OXAMNIQUINE,0.1789,0.2043,0.2,-0.0211,False
CHEMBL115,INDINAVIR ANHYDROUS,0.2288,0.2241,0.25,-0.0212,False
CHEMBL3989933,ETRASIMOD ARGININE,0.2051,0.3214,0.2264,-0.0213,False
CHEMBL1200770,IOCETAMIC ACID,0.1412,0.1806,0.1625,-0.0213,False
CHEMBL1334078,SODIUM HYPOCHLORITE,0.0312,0.0408,0.0526,-0.0214,False
CHEMBL1200331,FOSFOMYCIN TROMETHAMINE,0.1053,0.1324,0.1268,-0.0215,False
CHEMBL1501,FLUOCINONIDE,0.1389,0.1453,0.1604,-0.0215,False
CHEMBL689,MANNITOL,0.0938,0.0794,0.1154,-0.0216,False
CHEMBL163,RITONAVIR,0.1875,0.2019,0.2091,-0.0216,False
CHEMBL1682,SORBITOL,0.0938,0.0794,0.1154,-0.0216,False
CHEMBL1200953,HYDROCORTISONE PROBUTATE,0.1402,0.18,0.1619,-0.0217,False
CHEMBL1200937,DALFOPRISTIN,0.1473,0.176,0.169,-0.0217,False
CHEMBL4173394,BRILLIANT BLUE G,0.2035,0.217,0.2252,-0.0217,False
CHEMBL1200500,BECLOMETHASONE DIPROPIONATE,0.1415,0.17,0.1633,-0.0218,False
CHEMBL1449676,ORNIDAZOLE,0.1948,0.1628,0.2167,-0.0219,False
CHEMBL4594300,FOSDENOPTERIN HYDROBROMIDE,0.1089,0.1304,0.1308,-0.0219,False
CHEMBL435298,ESFLURBIPROFEN,0.2133,0.2857,0.2353,-0.022,False
CHEMBL563,FLURBIPROFEN,0.2133,0.2857,0.2353,-0.022,False
CHEMBL1201049,ECONAZOLE NITRATE,0.2165,0.2558,0.2386,-0.0221,False
CHEMBL3137358,SIMEPREVIR SODIUM,0.1702,0.2097,0.1923,-0.0221,False
CHEMBL2338675,FOSDENOPTERIN,0.1111,0.1333,0.1333,-0.0222,False
CHEMBL1497,BETAMETHASONE VALERATE,0.1681,0.2,0.1905,-0.0223,False
CHEMBL444633,RIFABUTIN,0.1567,0.1628,0.1791,-0.0224,False
CHEMBL24778,SILODOSIN,0.2407,0.25,0.2632,-0.0224,False
CHEMBL1201012,FLURANDRENOLIDE,0.1442,0.1504,0.1667,-0.0224,False
CHEMBL1633,KETOTIFEN FUMARATE,0.2022,0.2338,0.2247,-0.0225,False
CHEMBL2111186,TALAPORFIN,0.1395,0.1653,0.1622,-0.0226,False
CHEMBL4650215,INAVOLISIB,0.217,0.25,0.2396,-0.0226,False
CHEMBL675,ALENDRONATE SODIUM,0.087,0.1111,0.1096,-0.0226,False
CHEMBL4250860,DANICOPAN,0.2342,0.2547,0.2569,-0.0226,False
CHEMBL413,SIROLIMUS,0.1268,0.1748,0.1494,-0.0226,False
CHEMBL1683,HYDROCORTISONE BUTYRATE,0.1456,0.1875,0.1683,-0.0227,False
CHEMBL1200673,XENON XE 127,0.0,0.0233,0.0227,-0.0227,False
CHEMBL24828,VANDETANIB,0.2245,0.236,0.2473,-0.0228,False
CHEMBL2106318,IOTHALAMATE SODIUM I 125,0.131,0.1412,0.1538,-0.0229,False
CHEMBL2105904,BARBITAL SODIUM,0.1081,0.1212,0.1311,-0.023,False
CHEMBL1200686,PIMECROLIMUS,0.1484,0.1653,0.1714,-0.023,False
CHEMBL4298168,IBREXAFUNGERP CITRATE,0.1594,0.1938,0.1825,-0.0231,False
CHEMBL1200982,BUTABARBITAL SODIUM,0.1139,0.1228,0.137,-0.0231,False
CHEMBL1651990,FENTICONAZOLE,0.2268,0.2283,0.25,-0.0232,False
CHEMBL1003,CLAVULANATE POTASSIUM,0.1333,0.1529,0.1566,-0.0233,False
CHEMBL1200718,MAGNESIUM HYDROXIDE,0.0,0.0189,0.0233,-0.0233,False
CHEMBL2096635,UREA C 14,0.0469,0.0513,0.0702,-0.0233,False
CHEMBL1628502,GABAPENTIN ENACARBIL,0.1625,0.1566,0.186,-0.0235,False
CHEMBL1200692,OLMESARTAN MEDOXOMIL,0.1927,0.21,0.2162,-0.0236,False
CHEMBL182,GANCICLOVIR,0.1412,0.1974,0.1648,-0.0237,False
CHEMBL1161,MOMETASONE FUROATE,0.1743,0.1759,0.1981,-0.0238,False
CHEMBL1201073,SUCCIMER,0.0938,0.1111,0.1176,-0.0239,False
CHEMBL1161681,NITROUS ACID,0.0492,0.06,0.0732,-0.024,False
CHEMBL43452,POMALIDOMIDE,0.1818,0.1852,0.2059,-0.0241,False
CHEMBL2308885,CLOBETASONE BUTYRATE,0.1667,0.18,0.1909,-0.0242,False
CHEMBL1509,DROSPIRENONE,0.1354,0.1443,0.1596,-0.0242,False
CHEMBL671,THIOTEPA,0.0667,0.0877,0.0909,-0.0242,False
CHEMBL1658,RETAPAMULIN,0.1441,0.1782,0.1684,-0.0243,False
CHEMBL971,PENTOBARBITAL SODIUM,0.1205,0.1316,0.1447,-0.0243,False
CHEMBL4594278,GEFAPIXANT CITRATE,0.1717,0.2292,0.1961,-0.0244,False
CHEMBL1728,LOMEFLOXACIN HYDROCHLORIDE,0.2,0.3034,0.2245,-0.0245,False
CHEMBL3590187,CLASCOTERONE,0.1562,0.1705,0.1809,-0.0246,False
CHEMBL848,LENALIDOMIDE,0.1778,0.1786,0.2024,-0.0246,False
CHEMBL468837,HEPTABARBITAL,0.1538,0.1667,0.1786,-0.0247,False
CHEMBL1200474,DEMECLOCYCLINE HYDROCHLORIDE,0.1386,0.1758,0.1633,-0.0247,False
CHEMBL1097620,IOTHALAMATE SODIUM,0.1375,0.1408,0.1622,-0.0247,False
CHEMBL1201773,PRASUGREL HYDROCHLORIDE,0.2,0.2614,0.2247,-0.0247,False
CHEMBL359744,DOXORUBICIN HYDROCHLORIDE,0.1696,0.2,0.1944,-0.0248,False
CHEMBL1200981,EPIRUBICIN HYDROCHLORIDE,0.1696,0.2,0.1944,-0.0248,False
CHEMBL561,LOMEFLOXACIN,0.202,0.3068,0.2268,-0.0248,False
CHEMBL4297513,IBREXAFUNGERP,0.1705,0.1983,0.1953,-0.0248,False
CHEMBL1200581,DIATRIZOATE SODIUM,0.1392,0.1507,0.1642,-0.0249,False
CHEMBL1200727,RUBIDIUM CHLORIDE RB 82,0.0339,0.0208,0.0588,-0.0249,False
CHEMBL15891,LINDANE,0.0357,0.0588,0.0606,-0.0249,False
CHEMBL1591,DEMECLOCYCLINE,0.14,0.1778,0.1649,-0.0249,False
CHEMBL4594411,"XENON XE-129, HYPERPOLARIZED",0.0,0.0185,0.025,-0.025,False
CHEMBL2107386,VORAPAXAR SULFATE,0.2035,0.2736,0.2286,-0.025,False
CHEMBL2105722,NOMEGESTROL,0.1522,0.1531,0.1772,-0.025,False
CHEMBL113,CAFFEINE,0.1667,0.1857,0.1918,-0.0251,False
CHEMBL417,EPIRUBICIN,0.1712,0.2018,0.1963,-0.0251,False
CHEMBL1863513,INGENOL MEBUTATE,0.1333,0.1442,0.1584,-0.0251,False
CHEMBL1256137,CYSTEAMINE HYDROCHLORIDE,0.0484,0.0732,0.0735,-0.0251,False
CHEMBL53463,DOXORUBICIN,0.1712,0.2018,0.1963,-0.0251,False
CHEMBL1200878,TRIAMCINOLONE HEXACETONIDE,0.1491,0.1508,0.1743,-0.0252,False
CHEMBL591665,SODIUM ASCORBATE,0.1154,0.1528,0.1406,-0.0252,False
CHEMBL1201195,CEFMETAZOLE,0.1441,0.1636,0.1694,-0.0252,False
CHEMBL389621,HYDROCORTISONE,0.1596,0.1705,0.1848,-0.0252,False
CHEMBL1201772,PRASUGREL,0.202,0.2644,0.2273,-0.0253,False
CHEMBL602,CYSTEAMINE,0.0492,0.075,0.0746,-0.0254,False
CHEMBL5483015,ARSENIC TRIOXIDE,0.0615,0.0625,0.087,-0.0254,False
CHEMBL754,FOSCARNET SODIUM,0.0746,0.0968,0.1,-0.0254,False
CHEMBL1756,ESTRAMUSTINE PHOSPHATE,0.2,0.236,0.2255,-0.0255,False
CHEMBL2107355,MIGALASTAT HYDROCHLORIDE,0.1096,0.1129,0.1351,-0.0255,False
CHEMBL4298153,NIROGACESTAT HYDROBROMIDE,0.2,0.2182,0.2255,-0.0255,False
CHEMBL1201189,AMMONIA N 13,0.0,0.0,0.0256,-0.0256,False
CHEMBL1201300,IOTHALAMIC ACID,0.141,0.1618,0.1667,-0.0256,False
CHEMBL1439,TAZOBACTAM SODIUM,0.1522,0.172,0.1778,-0.0256,False
CHEMBL1201045,ACETRIZOATE SODIUM,0.1707,0.1842,0.1964,-0.0257,False
CHEMBL1200848,HYDROXYPROGESTERONE CAPROATE,0.1717,0.2065,0.1974,-0.0257,False
CHEMBL1201129,DECITABINE,0.1647,0.186,0.1905,-0.0258,False
CHEMBL1201270,METHENAMINE,0.0492,0.06,0.075,-0.0258,False
CHEMBL1205,NELFINAVIR MESYLATE,0.1933,0.188,0.219,-0.0258,False
CHEMBL1770916,NIROGACESTAT,0.2018,0.2202,0.2277,-0.0259,False
CHEMBL1489,AZACITIDINE,0.1548,0.1648,0.1807,-0.026,False
CHEMBL1200555,IOTROLAN,0.1299,0.1585,0.1558,-0.026,False
CHEMBL1200807,NORELGESTROMIN,0.12,0.1414,0.1461,-0.0261,False
CHEMBL2111187,RADIUM DICHLORIDE,0.0364,0.0541,0.0625,-0.0261,False
CHEMBL6068337,LENALIDOMIDE HYDROCHLORIDE MONOHYDRATE,0.1739,0.1744,0.2,-0.0261,False
CHEMBL1237104,PROPOXYPHENE HYDROCHLORIDE,0.2405,0.2794,0.2667,-0.0262,False
CHEMBL1200545,DIFLORASONE DIACETATE,0.1389,0.15,0.165,-0.0262,False
CHEMBL4065616,REMDESIVIR,0.188,0.2018,0.2143,-0.0263,False
CHEMBL1200384,BETAMETHASONE DIPROPIONATE,0.1468,0.1584,0.1731,-0.0263,False
CHEMBL231779,APIXABAN,0.25,0.2727,0.2763,-0.0263,False
CHEMBL584,NELFINAVIR,0.2,0.1842,0.2264,-0.0264,False
CHEMBL1200562,HYDROCORTISONE VALERATE,0.1442,0.2083,0.1707,-0.0265,False
CHEMBL1159650,CLOBETASOL PROPIONATE,0.1481,0.1717,0.1748,-0.0266,False
CHEMBL2068864,FLUDEOXYGLUCOSE,0.0845,0.0896,0.1111,-0.0266,False
CHEMBL1650818,AMDINOCILLIN PIVOXIL,0.1667,0.1758,0.1933,-0.0266,False
CHEMBL338975,PHYSOSTIGMINE SALICYLATE,0.2234,0.253,0.25,-0.0266,False
CHEMBL2030434,FLUDEOXYGLUCOSE F 18,0.0845,0.0896,0.1111,-0.0266,False
CHEMBL503,LOVASTATIN,0.1455,0.156,0.172,-0.0266,False
CHEMBL3547132,FLUORODOPA,0.1733,0.1757,0.2,-0.0267,False
CHEMBL3400972,FLUORODOPA F 18,0.1733,0.1757,0.2,-0.0267,False
CHEMBL1727,CEPHALEXIN ANHYDROUS,0.2211,0.2051,0.2478,-0.0267,False
CHEMBL3039507,SOTAGLIFLOZIN,0.2022,0.225,0.2289,-0.0267,False
CHEMBL126,LINEZOLID,0.236,0.2529,0.2626,-0.0267,False
CHEMBL2219414,ERAVACYCLINE DIHYDROCHLORIDE,0.175,0.2018,0.2018,-0.0268,False
CHEMBL853,ZALCITABINE,0.1829,0.2239,0.2097,-0.0268,False
CHEMBL1533,DESOGESTREL,0.1287,0.1443,0.1556,-0.0268,False
CHEMBL989,FLUOCINOLONE ACETONIDE,0.1415,0.1478,0.1683,-0.0268,False
CHEMBL1697717,CARBENOXOLONE SODIUM,0.1284,0.1518,0.1553,-0.0269,False
CHEMBL1200544,CEPHALEXIN,0.2188,0.2025,0.2456,-0.0269,False
CHEMBL1200366,CEPHALEXIN HYDROCHLORIDE,0.2165,0.2,0.2435,-0.027,False
CHEMBL448,PENTOBARBITAL,0.1205,0.1343,0.1475,-0.0271,False
CHEMBL144673,HEXETIDINE,0.1395,0.1351,0.1667,-0.0271,False
CHEMBL1200632,CLINDAMYCIN PALMITATE HYDROCHLORIDE,0.1453,0.165,0.1724,-0.0271,False
CHEMBL1951095,ERAVACYCLINE,0.1765,0.2037,0.2035,-0.0271,False
CHEMBL1201336,FOSPHENYTOIN,0.1728,0.2,0.2,-0.0272,False
CHEMBL2448612,ERGOTAMINE TARTRATE,0.192,0.192,0.2193,-0.0273,False
CHEMBL31,GATIFLOXACIN,0.1959,0.2766,0.2234,-0.0275,False
CHEMBL3833401,ALUMINUM CHLORIDE ANHYDROUS,0.0179,0.04,0.0455,-0.0276,False
CHEMBL1569,AMANTADINE HYDROCHLORIDE,0.1014,0.0794,0.129,-0.0276,False
CHEMBL1213351,PROPOXYPHENE,0.2436,0.2836,0.2712,-0.0276,False
CHEMBL1504,TRIAMCINOLONE ACETONIDE,0.1524,0.1616,0.18,-0.0276,False
CHEMBL1738990,LEVOPROPOXYPHENE,0.2436,0.2836,0.2712,-0.0276,False
CHEMBL1201182,TEMSIROLIMUS,0.1161,0.1711,0.1438,-0.0277,False
CHEMBL220491,BRINZOLAMIDE,0.1828,0.2065,0.2105,-0.0277,False
CHEMBL437765,RIFAMYCIN,0.1417,0.1593,0.1695,-0.0278,False
CHEMBL110458,MIGALASTAT,0.1111,0.1148,0.1389,-0.0278,False
CHEMBL190,THEOPHYLLINE ANHYDROUS,0.1486,0.1831,0.1765,-0.0278,False
CHEMBL1201289,CLINDAMYCIN PALMITATE,0.1466,0.1667,0.1744,-0.0279,False
CHEMBL3989461,ROSE BENGAL SODIUM I 131,0.125,0.1579,0.1529,-0.0279,False
CHEMBL2107495,TEMAFLOXACIN HYDROCHLORIDE,0.234,0.2796,0.2619,-0.0279,False
CHEMBL1200610,LORACARBEF,0.2184,0.225,0.2464,-0.028,False
CHEMBL3391662,PARITAPREVIR,0.1969,0.2,0.2248,-0.028,False
CHEMBL110,BENZNIDAZOLE,0.2386,0.274,0.2667,-0.028,False
CHEMBL1071,OXAPROZIN,0.2143,0.2206,0.2424,-0.0281,False
CHEMBL1200735,MOXIFLOXACIN HYDROCHLORIDE,0.1818,0.1981,0.21,-0.0282,False
CHEMBL660,AMANTADINE,0.1029,0.0806,0.1311,-0.0282,False
CHEMBL1200668,CALCIUM CHLORIDE,0.0172,0.0385,0.0455,-0.0282,False
CHEMBL5314379,VOCLOSPORIN,0.12,0.1322,0.1483,-0.0283,False
CHEMBL1201064,FLUOROMETHOLONE ACETATE,0.1717,0.1667,0.2,-0.0283,False
CHEMBL1200572,MAGNESIUM OXIDE,0.0192,0.0417,0.0476,-0.0284,False
CHEMBL32,MOXIFLOXACIN,0.1837,0.2,0.2121,-0.0284,False
CHEMBL1200989,ALCLOMETASONE DIPROPIONATE,0.1284,0.1346,0.1569,-0.0284,False
CHEMBL1200866,PERFLUBRON,0.0758,0.0962,0.1042,-0.0284,False
CHEMBL277100,TEMAFLOXACIN,0.2366,0.2826,0.2651,-0.0285,False
CHEMBL3301669,DALBAVANCIN,0.1368,0.1546,0.1654,-0.0285,False
CHEMBL1141,POTASSIUM IODIDE,0.0,0.0317,0.0286,-0.0286,False
CHEMBL3301650,DALBAVANCIN HYDROCHLORIDE,0.1361,0.1538,0.1648,-0.0286,False
CHEMBL2105648,PALOVAROTENE,0.2088,0.2527,0.2375,-0.0287,False
CHEMBL3989571,SPECTINOMYCIN HYDROCHLORIDE,0.1319,0.1325,0.1607,-0.0288,False
CHEMBL1167,SPECTINOMYCIN,0.1348,0.1358,0.1636,-0.0288,False
CHEMBL1663,PERFLUTREN,0.05,0.0682,0.0789,-0.0289,False
CHEMBL1097279,CANGRELOR TETRASODIUM,0.1349,0.1694,0.1638,-0.0289,False
CHEMBL1643,RIBAVIRIN,0.1687,0.1667,0.1977,-0.029,False
CHEMBL84,TOPOTECAN,0.1776,0.1983,0.2065,-0.029,False
CHEMBL1013,LORACARBEF ANHYDROUS,0.2209,0.2278,0.25,-0.0291,False
CHEMBL1200814,ACETAZOLAMIDE SODIUM,0.1463,0.1538,0.1754,-0.0291,False
CHEMBL1201172,IODAMIDE MEGLUMINE,0.1313,0.1609,0.1605,-0.0292,False
CHEMBL1200496,CALCIUM,0.0,0.0156,0.0294,-0.0294,False
CHEMBL1236802,XENON,0.0,0.0286,0.0294,-0.0294,False
CHEMBL1796997,HELIUM,0.0,0.0182,0.0294,-0.0294,False
CHEMBL1233877,KRYPTON,0.0,0.0172,0.0294,-0.0294,False
CHEMBL571546,TIRBANIBULIN,0.3415,0.3714,0.371,-0.0295,False
CHEMBL4216467,RIPRETINIB,0.2255,0.2759,0.2551,-0.0296,False
CHEMBL1200696,POTASSIUM PERCHLORATE,0.0159,0.0308,0.0455,-0.0296,False
CHEMBL1173055,RUCAPARIB,0.191,0.2289,0.2208,-0.0298,False
CHEMBL442,ERGOTAMINE,0.2017,0.1949,0.2315,-0.0298,False
CHEMBL3608680,FEZOLINETANT,0.2088,0.2561,0.2386,-0.0298,False
CHEMBL2107431,LYNESTRENOL,0.125,0.1398,0.1548,-0.0298,False
CHEMBL7728,HEXOBARBITAL,0.1519,0.1579,0.1818,-0.0299,False
CHEMBL184,ACYCLOVIR,0.1412,0.2192,0.1711,-0.0299,False
CHEMBL2107381,URIDINE TRIACETATE,0.1724,0.2045,0.2024,-0.03,False
CHEMBL502097,MIPOMERSEN SODIUM,0.1118,0.1447,0.1419,-0.03,False
CHEMBL870,ALENDRONIC ACID,0.0875,0.1224,0.1176,-0.0301,False
CHEMBL1200660,ISOSORBIDE,0.0769,0.1045,0.1071,-0.0302,False
CHEMBL1200503,BROMOCRIPTINE MESYLATE,0.1742,0.1825,0.2045,-0.0303,False
CHEMBL1644695,SODIUM IODIDE,0.0,0.0217,0.0303,-0.0303,False
CHEMBL535396,RIMANTADINE HYDROCHLORIDE,0.0946,0.1143,0.125,-0.0304,False
CHEMBL5315120,ODEVIXIBAT SESQUIHYDRATE,0.175,0.1933,0.2054,-0.0304,False
CHEMBL494622,FLURPIRIDAZ,0.2024,0.2469,0.2329,-0.0305,False
CHEMBL850,SPARFLOXACIN,0.172,0.236,0.2025,-0.0305,False
CHEMBL2107799,FLURPIRIDAZ F 18,0.2024,0.2469,0.2329,-0.0305,False
CHEMBL1697708,MEZLOCILLIN SODIUM,0.1942,0.21,0.2247,-0.0305,False
CHEMBL871,ETIDRONIC ACID,0.0678,0.1373,0.0984,-0.0306,False
CHEMBL3989401,PAMIDRONATE DISODIUM,0.0854,0.14,0.1159,-0.0306,False
CHEMBL4297588,ODEVIXIBAT,0.1765,0.1949,0.2072,-0.0307,False
CHEMBL141,LAMIVUDINE,0.1647,0.2,0.1954,-0.0307,False
CHEMBL2105711,TOFOGLIFLOZIN,0.1765,0.2208,0.2073,-0.0308,False
CHEMBL1200680,SELENIUM SULFIDE,0.0,0.0204,0.0308,-0.0308,False
CHEMBL1766,DESOXIMETASONE,0.1735,0.1538,0.2043,-0.0308,False
CHEMBL1200365,AMINOHIPPURATE SODIUM,0.2192,0.3191,0.25,-0.0308,False
CHEMBL1330792,ACETARSONE,0.175,0.1944,0.2059,-0.0309,False
CHEMBL514800,APREMILAST,0.2165,0.2857,0.2474,-0.0309,False
CHEMBL1460,DIDANOSINE,0.1667,0.2179,0.1975,-0.0309,False
CHEMBL1689772,OMADACYCLINE,0.125,0.1574,0.156,-0.031,False
CHEMBL1389,LEVONORGESTREL,0.134,0.1505,0.1651,-0.0311,False
CHEMBL2107797,NORGESTREL,0.134,0.1505,0.1651,-0.0311,False
CHEMBL61593,CYCLOTHIAZIDE,0.1132,0.141,0.1444,-0.0312,False
CHEMBL461522,METAMIZOLE,0.2025,0.2273,0.2338,-0.0312,False
CHEMBL1630575,CASPOFUNGIN,0.1761,0.1935,0.2074,-0.0313,False
CHEMBL1201127,DARUNAVIR ETHANOLATE,0.1909,0.2,0.2222,-0.0313,False
CHEMBL1402684,OXYPHENISATIN ACETATE,0.1605,0.2192,0.1918,-0.0313,False
CHEMBL1601669,ALFACALCIDOL,0.1176,0.1296,0.1489,-0.0313,False
CHEMBL2110731,TOFOGLIFLOZIN ANHYDROUS,0.1786,0.2237,0.2099,-0.0313,False
CHEMBL2107383,VERNAKALANT HYDROCHLORIDE,0.2619,0.3133,0.2933,-0.0314,False
CHEMBL959,RIMANTADINE,0.0959,0.1159,0.1273,-0.0314,False
CHEMBL1488,URACIL MUSTARD,0.1351,0.1695,0.1667,-0.0315,False
CHEMBL451930,PLITIDEPSIN,0.1781,0.2178,0.2096,-0.0315,False
CHEMBL518924,MAVORIXAFOR,0.2268,0.1981,0.2584,-0.0316,False
CHEMBL1200845,HALCINONIDE,0.1442,0.1739,0.1759,-0.0317,False
CHEMBL104,CLOTRIMAZOLE,0.1905,0.1829,0.2222,-0.0317,False
CHEMBL696,ETHOSUXIMIDE,0.1111,0.125,0.1429,-0.0317,False
CHEMBL3291398,LEFAMULIN,0.1228,0.1455,0.1546,-0.0318,False
CHEMBL607400,BRIVARACETAM,0.1744,0.1765,0.2063,-0.0319,False
CHEMBL2147777,TENELIGLIPTIN,0.2041,0.22,0.236,-0.0319,False
CHEMBL3183453,NOVOBIOCIN SODIUM,0.175,0.1842,0.2069,-0.0319,False
CHEMBL506247,TANNIC ACID,0.1327,0.1687,0.1646,-0.0319,False
CHEMBL1908307,FLOSEQUINAN,0.2179,0.2639,0.25,-0.0321,False
CHEMBL6068327,ACETYLCYSTEINE LYSINE,0.125,0.1519,0.1571,-0.0321,False
CHEMBL1628233,FLUORESCEIN SODIUM,0.1705,0.1932,0.2025,-0.0321,False
CHEMBL2111112,VERNAKALANT,0.2651,0.3171,0.2973,-0.0322,False
CHEMBL1054,TRICHLORMETHIAZIDE,0.1122,0.1429,0.1446,-0.0323,False
CHEMBL1200685,XENON XE 133,0.0,0.02,0.0323,-0.0323,False
CHEMBL3989867,BICTEGRAVIR SODIUM,0.1923,0.2022,0.2247,-0.0324,False
CHEMBL2105695,TELOTRISTAT ETHYL,0.1887,0.2268,0.2211,-0.0324,False
CHEMBL1410743,PARALDEHYDE,0.0545,0.0725,0.087,-0.0324,False
CHEMBL1200855,TICARCILLIN DISODIUM,0.1515,0.1667,0.1839,-0.0324,False
CHEMBL3833314,ALUMINUM CHLORIDE,0.0164,0.027,0.0488,-0.0324,False
CHEMBL4594379,FOSLEVODOPA,0.1705,0.2254,0.2029,-0.0324,False
CHEMBL2206196,PAROMOMYCIN SULFATE,0.1158,0.117,0.1481,-0.0324,False
CHEMBL3989543,VINDESINE SULFATE,0.1691,0.1837,0.2016,-0.0324,False
CHEMBL1899801,PERFLENAPENT,0.0492,0.0727,0.0816,-0.0325,False
CHEMBL196,ASCORBIC ACID,0.12,0.1594,0.1525,-0.0325,False
CHEMBL1200607,PERFLEXANE,0.0492,0.0727,0.0816,-0.0325,False
CHEMBL1200376,BETAMETHASONE BENZOATE,0.1698,0.1892,0.2024,-0.0326,False
CHEMBL6068478,LAZERTINIB MESYLATE,0.2174,0.2589,0.25,-0.0326,False
CHEMBL514,LOMUSTINE,0.1795,0.2059,0.2121,-0.0326,False
CHEMBL1731,MEZLOCILLIN,0.2,0.2165,0.2326,-0.0326,False
CHEMBL1240,PROPANTHELINE BROMIDE,0.1786,0.2692,0.2113,-0.0327,False
CHEMBL203321,BRINCIDOFOVIR,0.1649,0.2069,0.1977,-0.0327,False
CHEMBL2104537,AMOPROXAN,0.2614,0.2614,0.2941,-0.0328,False
CHEMBL1214,CARBENICILLIN,0.2,0.1948,0.2329,-0.0329,False
CHEMBL36506,NOVOBIOCIN,0.1795,0.1892,0.2124,-0.0329,False
CHEMBL1200965,BACAMPICILLIN HYDROCHLORIDE,0.1835,0.2062,0.2165,-0.033,False
CHEMBL468,THALIDOMIDE,0.1852,0.2055,0.2182,-0.033,False
CHEMBL2107826,VIBEGRON,0.217,0.2323,0.25,-0.033,False
CHEMBL1583,BACAMPICILLIN,0.1835,0.2062,0.2165,-0.033,False
CHEMBL1014,CANDESARTAN CILEXETIL,0.215,0.2544,0.2479,-0.033,False
CHEMBL1096882,FLUDARABINE PHOSPHATE,0.1579,0.1839,0.191,-0.0331,False
CHEMBL1201327,ACETRIZOIC ACID,0.1625,0.1918,0.1957,-0.0332,False
CHEMBL4558324,LAZERTINIB,0.2273,0.271,0.2605,-0.0332,False
CHEMBL978,METHACHOLINE,0.1,0.1429,0.1333,-0.0333,False
CHEMBL1200679,ZINC CHLORIDE,0.0167,0.0217,0.05,-0.0333,False
CHEMBL256105,MONENSIN,0.1333,0.1407,0.1667,-0.0333,False
CHEMBL3668014,LINZAGOLIX,0.2,0.2316,0.2333,-0.0333,False
CHEMBL834,PAMIDRONIC ACID,0.0897,0.1522,0.1231,-0.0333,False
CHEMBL1668,RESCINNAMINE,0.193,0.2411,0.2264,-0.0334,False
CHEMBL1676,FLUTICASONE FUROATE,0.1593,0.1712,0.1927,-0.0334,False
CHEMBL4298171,LINZAGOLIX CHOLINE,0.1786,0.2143,0.2121,-0.0335,False
CHEMBL1180725,PROPANTHELINE,0.1807,0.2727,0.2143,-0.0336,False
CHEMBL374975,FUSIDIC ACID,0.1429,0.1442,0.1765,-0.0336,False
CHEMBL3185229,MAGNESIUM CHLORIDE,0.0164,0.0317,0.05,-0.0336,False
CHEMBL93268,SODIUM NITRITE,0.0448,0.0548,0.0784,-0.0337,False
CHEMBL1208422,ROSE BENGAL FREE ACID,0.1287,0.1505,0.1625,-0.0338,False
CHEMBL2105827,"GLYCEROL, IODINATED",0.1169,0.16,0.1507,-0.0338,False
CHEMBL3989939,LAROTRECTINIB SULFATE,0.2136,0.2708,0.2474,-0.0338,False
CHEMBL1496,ROSUVASTATIN,0.1753,0.236,0.2093,-0.034,False
CHEMBL260538,ULIPRISTAL ACETATE,0.1619,0.1979,0.1959,-0.034,False
CHEMBL930,GLUTAMINE,0.1159,0.1194,0.15,-0.0341,False
CHEMBL4208954,AMIKACIN SULFATE,0.1143,0.114,0.1485,-0.0342,False
CHEMBL1200694,SEVOFLURANE,0.0769,0.1167,0.1111,-0.0342,False
CHEMBL1723,ALFUZOSIN HYDROCHLORIDE,0.202,0.2526,0.2364,-0.0343,False
CHEMBL4298149,ARIMOCLOMOL CITRATE,0.219,0.2099,0.2533,-0.0343,False
CHEMBL2009089,SELENIOUS ACID,0.037,0.0571,0.0714,-0.0344,False
CHEMBL1200342,PARAMETHASONE ACETATE,0.1456,0.1515,0.18,-0.0344,False
CHEMBL986,RETINOL,0.0989,0.1348,0.1333,-0.0344,False
CHEMBL709,ALFUZOSIN,0.2041,0.2553,0.2385,-0.0345,False
CHEMBL3989803,DIPYRONE,0.1829,0.2206,0.2174,-0.0345,False
CHEMBL606260,CARBENICILLIN DISODIUM,0.1889,0.1954,0.2237,-0.0348,False
CHEMBL1200758,AMPICILLIN SODIUM,0.1889,0.1954,0.2237,-0.0348,False
CHEMBL738,THIOPENTAL SODIUM,0.1099,0.119,0.1447,-0.0348,False
CHEMBL1736,METRIZOIC ACID,0.122,0.1667,0.1569,-0.0349,False
CHEMBL26,SULPIRIDE,0.2809,0.3333,0.3158,-0.0349,False
CHEMBL177,AMIKACIN,0.1188,0.1182,0.1538,-0.035,False
CHEMBL1200423,METRIZOATE SODIUM,0.125,0.1507,0.16,-0.035,False
CHEMBL1200577,CYSTEAMINE BITARTRATE,0.1029,0.1522,0.1379,-0.035,False
CHEMBL2364738,METRIZOATE MAGNESIUM,0.125,0.1507,0.16,-0.035,False
CHEMBL1146,CEFAMANDOLE,0.211,0.2041,0.246,-0.035,False
CHEMBL2068723,CALCIUM METRIZOATE,0.125,0.1507,0.16,-0.035,False
CHEMBL666,FOSCARNET,0.0862,0.1132,0.1212,-0.035,False
CHEMBL3545252,DOCETAXEL,0.1374,0.1587,0.1724,-0.035,False
CHEMBL1201071,TETRACYCLINE PHOSPHATE COMPLEX,0.1538,0.1758,0.1889,-0.035,False
CHEMBL1201891,DEFLAZACORT,0.1364,0.1509,0.1714,-0.0351,False
CHEMBL3184512,CLINDAMYCIN PHOSPHATE,0.1333,0.1619,0.1685,-0.0352,False
CHEMBL1337,NITISINONE,0.2179,0.2308,0.2533,-0.0354,False
CHEMBL3545363,GLECAPREVIR,0.1631,0.1852,0.1985,-0.0354,False
CHEMBL4297516,LURBINECTEDIN,0.1691,0.2205,0.2045,-0.0354,False
CHEMBL20883,TEGAFUR,0.1646,0.1807,0.2,-0.0354,False
CHEMBL919,FOSPHENYTOIN SODIUM,0.1646,0.1818,0.2,-0.0354,False
CHEMBL1555,GALANTAMINE HYDROBROMIDE,0.1935,0.2169,0.2289,-0.0354,False
CHEMBL1201749,DIFLUPREDNATE,0.1532,0.1619,0.1887,-0.0355,False
CHEMBL92,DOCETAXEL ANHYDROUS,0.1385,0.16,0.1739,-0.0355,False
CHEMBL95889,BETAINE,0.1045,0.1273,0.14,-0.0355,False
CHEMBL6067972,VARENICLINE TARTRATE,0.175,0.2051,0.2105,-0.0355,False
CHEMBL185,FLUOROURACIL,0.125,0.1216,0.1607,-0.0357,False
CHEMBL4594246,SULOPENEM ETZADROXIL,0.1346,0.1584,0.1705,-0.0358,False
CHEMBL3889654,LAROTRECTINIB,0.2222,0.2826,0.2581,-0.0358,False
CHEMBL772,RESERPINE,0.2,0.2407,0.2358,-0.0358,False
CHEMBL205596,CHOLIC ACID,0.1237,0.1848,0.1596,-0.0359,False
CHEMBL1697,DILTIAZEM HYDROCHLORIDE,0.253,0.25,0.2889,-0.0359,False
CHEMBL488093,PYRITINOL,0.1169,0.1515,0.1528,-0.0359,False
CHEMBL1163,ATAZANAVIR,0.2059,0.2391,0.2418,-0.0359,False
CHEMBL317052,REGADENOSON ANHYDROUS,0.1619,0.2043,0.1979,-0.036,False
CHEMBL23,DILTIAZEM,0.2561,0.2527,0.2921,-0.036,False
CHEMBL1201050,PEMIROLAST POTASSIUM,0.1412,0.1928,0.1772,-0.036,False
CHEMBL1601,CEFONICID,0.1913,0.1905,0.2273,-0.036,False
CHEMBL3301605,RELEBACTAM,0.1685,0.1954,0.2045,-0.036,False
CHEMBL3989519,DOXAPRAM HYDROCHLORIDE,0.2625,0.2593,0.2985,-0.036,False
CHEMBL659,GALANTAMINE,0.1957,0.2195,0.2317,-0.0361,False
CHEMBL71595,HYDROGEN PEROXIDE,0.0377,0.0465,0.0741,-0.0363,False
CHEMBL1200357,MOXALACTAM DISODIUM,0.1552,0.1789,0.1915,-0.0363,False
CHEMBL1200881,MINOCYCLINE HYDROCHLORIDE,0.1287,0.1505,0.165,-0.0363,False
CHEMBL404271,ACARBOSE,0.1078,0.1263,0.1441,-0.0363,False
CHEMBL1364551,MINAPRINE HYDROCHLORIDE,0.2692,0.3333,0.3056,-0.0363,False
CHEMBL1259059,SOFOSBUVIR,0.1869,0.213,0.2233,-0.0364,False
CHEMBL1200348,SULCONAZOLE NITRATE,0.2165,0.2558,0.2529,-0.0364,False
CHEMBL3989960,SELADELPAR LYSINE,0.1826,0.3043,0.219,-0.0364,False
CHEMBL3112741,RELEBACTAM ANHYDROUS,0.1705,0.1875,0.2069,-0.0364,False
CHEMBL1563,DAUNORUBICIN HYDROCHLORIDE,0.1636,0.1835,0.2,-0.0364,False
CHEMBL1237070,MICAFUNGIN SODIUM,0.1623,0.1879,0.1987,-0.0364,False
CHEMBL457547,MICAFUNGIN,0.1623,0.1879,0.1987,-0.0364,False
CHEMBL1808388,BEXAGLIFLOZIN,0.1935,0.2471,0.23,-0.0365,False
CHEMBL2105680,RIFAMYCIN SODIUM,0.1371,0.1597,0.1736,-0.0365,False
CHEMBL1580,PENTOSTATIN,0.1429,0.1687,0.1795,-0.0366,False
CHEMBL1434,MINOCYCLINE,0.13,0.1522,0.1667,-0.0367,False
CHEMBL272427,TAURURSODIOL,0.1333,0.1869,0.17,-0.0367,False
CHEMBL1425,MERCAPTOPURINE ANHYDROUS,0.0833,0.1081,0.12,-0.0367,False
CHEMBL178,DAUNORUBICIN,0.1651,0.1852,0.2019,-0.0368,False
CHEMBL1522,ESZOPICLONE,0.2299,0.2809,0.2667,-0.0368,False
CHEMBL135400,ZOPICLONE,0.2299,0.2809,0.2667,-0.0368,False
CHEMBL1578,ANISOTROPINE METHYLBROMIDE,0.1463,0.1548,0.1831,-0.0368,False
CHEMBL3545309,LEFAMULIN ACETATE,0.1239,0.1429,0.1607,-0.0368,False
CHEMBL501867,VINCRISTINE SULFATE,0.1631,0.1778,0.2,-0.0369,False
CHEMBL3707310,LOTILANER,0.1651,0.2105,0.202,-0.0369,False
CHEMBL1950576,DIHYDROSTREPTOMYCIN,0.1188,0.1134,0.1557,-0.0369,False
CHEMBL1201110,VALACYCLOVIR HYDROCHLORIDE,0.1505,0.2222,0.1875,-0.037,False
CHEMBL638,VORICONAZOLE,0.1919,0.2,0.2289,-0.037,False
CHEMBL278819,MINAPRINE,0.2727,0.338,0.3099,-0.0371,False
CHEMBL36715,PIRACETAM,0.16,0.1892,0.1972,-0.0372,False
CHEMBL1201042,ETIDRONATE DISODIUM,0.0704,0.1296,0.1077,-0.0373,False
CHEMBL1349,VALACYCLOVIR,0.1522,0.225,0.1895,-0.0373,False
CHEMBL1201032,RIZATRIPTAN BENZOATE,0.2277,0.253,0.2651,-0.0373,False
CHEMBL3137320,TALAZOPARIB,0.1649,0.2326,0.2022,-0.0373,False
CHEMBL1293,BETA CAROTENE,0.093,0.131,0.1304,-0.0374,False
CHEMBL1796998,SULFUR HEXAFLUORIDE,0.0323,0.0408,0.0698,-0.0375,False
CHEMBL455917,CHLORAL HYDRATE,0.0625,0.0784,0.1,-0.0375,False
CHEMBL174,AMPICILLIN,0.1954,0.1948,0.2329,-0.0375,False
CHEMBL3989695,REGADENOSON,0.1604,0.2021,0.198,-0.0376,False
CHEMBL559,DEXTROTHYROXINE,0.1481,0.1831,0.1857,-0.0376,False
CHEMBL2219536,MIPOMERSEN,0.1141,0.1419,0.1517,-0.0376,False
CHEMBL1624,LEVOTHYROXINE,0.1481,0.1831,0.1857,-0.0376,False
CHEMBL1186610,ANISOTROPINE,0.1481,0.1566,0.1857,-0.0376,False
CHEMBL1272,REPAGLINIDE,0.236,0.2921,0.2737,-0.0377,False
CHEMBL494,ILOPROST,0.1212,0.1616,0.1589,-0.0377,False
CHEMBL1200934,NORGESTIMATE,0.125,0.1553,0.1628,-0.0378,False
CHEMBL2105637,DELAFLOXACIN,0.1667,0.2105,0.2045,-0.0379,False
CHEMBL1372,OXIGLUTATIONE,0.1075,0.1728,0.1455,-0.0379,False
CHEMBL2103877,EFINACONAZOLE,0.2121,0.2174,0.25,-0.0379,False
CHEMBL3244648,METHOTREXATE SODIUM,0.16,0.2323,0.1979,-0.0379,False
CHEMBL127,MEROPENEM,0.125,0.1591,0.163,-0.038,False
CHEMBL1200616,CHLOROTHIAZIDE SODIUM,0.1087,0.122,0.1467,-0.038,False
CHEMBL2146123,METHACYCLINE HYDROCHLORIDE,0.1359,0.1684,0.1739,-0.038,False
CHEMBL175247,ORLISTAT,0.1524,0.1532,0.1905,-0.0381,False
CHEMBL90555,VINCRISTINE,0.1667,0.1818,0.2047,-0.0381,False
CHEMBL451887,CARFILZOMIB,0.2292,0.2796,0.2674,-0.0383,False
CHEMBL1201734,BENDAMUSTINE HYDROCHLORIDE,0.1977,0.2564,0.2361,-0.0384,False
CHEMBL1607,TOPOTECAN HYDROCHLORIDE,0.1759,0.1966,0.2143,-0.0384,False
CHEMBL771,CYCLOSERINE,0.1233,0.1475,0.1618,-0.0385,False
CHEMBL1754,DOXAPRAM,0.2692,0.2658,0.3077,-0.0385,False
CHEMBL2111107,SUGAMMADEX,0.1,0.1098,0.1385,-0.0385,False
CHEMBL249837,METHACYCLINE,0.1373,0.1702,0.1758,-0.0386,False
CHEMBL1200430,ESTRADIOL ACETATE,0.1798,0.2375,0.2184,-0.0386,False
CHEMBL1695,TIAGABINE HYDROCHLORIDE,0.2222,0.2469,0.2609,-0.0386,False
CHEMBL1200649,QUINUPRISTIN,0.1622,0.2035,0.2009,-0.0387,False
CHEMBL1201864,DIENOGEST,0.163,0.1771,0.2018,-0.0388,False
CHEMBL1393,SPIRONOLACTONE,0.1562,0.1609,0.1951,-0.0389,False
CHEMBL1599768,PYRANTEL PAMOATE,0.2083,0.2299,0.2472,-0.0389,False
CHEMBL220492,TOPIRAMATE,0.1111,0.122,0.15,-0.0389,False
CHEMBL1149,LEVOCARNITINE,0.1014,0.1212,0.1404,-0.0389,False
CHEMBL1200756,PYRIDOXINE HYDROCHLORIDE,0.125,0.1587,0.1639,-0.0389,False
CHEMBL1200574,SODIUM CHLORIDE,0.0167,0.0217,0.0556,-0.0389,False
CHEMBL3137330,CABOTEGRAVIR SODIUM,0.2347,0.2283,0.2737,-0.039,False
CHEMBL503565,VINBARBITAL,0.1039,0.1304,0.1429,-0.039,False
CHEMBL70927,DEFERIPRONE,0.1429,0.1897,0.1818,-0.039,False
CHEMBL1200635,HYDROCORTAMATE HYDROCHLORIDE,0.1509,0.1553,0.19,-0.0391,False
CHEMBL2103774,TIBOLONE,0.1237,0.1477,0.1628,-0.0391,False
CHEMBL1200896,DINOPROST TROMETHAMINE,0.1296,0.1579,0.1688,-0.0392,False
CHEMBL499915,CARBENOXOLONE,0.1308,0.1531,0.17,-0.0392,False
CHEMBL1354199,METHSCOPOLAMINE BROMIDE,0.2143,0.1923,0.2535,-0.0392,False
CHEMBL17879,MARALIXIBAT CHLORIDE,0.1852,0.2165,0.2245,-0.0393,False
CHEMBL3989915,DIFELIKEFALIN,0.2121,0.234,0.2514,-0.0393,False
CHEMBL487253,BENDAMUSTINE,0.2,0.2597,0.2394,-0.0394,False
CHEMBL6068335,PEMETREXED DISODIUM HEMIPENTAHYDRATE,0.1584,0.2245,0.1979,-0.0395,False
CHEMBL441,THIOPENTAL,0.1176,0.1304,0.1571,-0.0395,False
CHEMBL1295,BUTOCONAZOLE,0.2198,0.2785,0.2593,-0.0395,False
CHEMBL1201263,HYDROCORTAMATE,0.1524,0.1569,0.1919,-0.0395,False
CHEMBL1200449,TRIAMCINOLONE DIACETATE,0.1604,0.1717,0.2,-0.0396,False
CHEMBL1025,ISOFLUROPHATE,0.0758,0.1373,0.1154,-0.0396,False
CHEMBL1201304,INDOCYANINE GREEN ACID FORM,0.1478,0.1622,0.1875,-0.0397,False
CHEMBL2104445,TRITOQUALINE,0.2041,0.2234,0.2439,-0.0398,False
CHEMBL2107354,MIFAMURTIDE,0.1159,0.1333,0.1557,-0.0398,False
CHEMBL107,COLCHICINE,0.2614,0.25,0.3012,-0.0398,False
CHEMBL374478,RIFAMPIN,0.1353,0.1508,0.1752,-0.0398,False
CHEMBL2105709,QUIZARTINIB DIHYDROCHLORIDE,0.2621,0.3158,0.3019,-0.0398,False
CHEMBL334966,CANGRELOR,0.1371,0.1721,0.177,-0.0399,False
CHEMBL1200391,TROMETHAMINE,0.0615,0.0976,0.1014,-0.0399,False
CHEMBL343448,ROMIDEPSIN,0.1053,0.1373,0.1452,-0.0399,False
CHEMBL515408,MARIBAVIR,0.1649,0.2532,0.2048,-0.0399,False
CHEMBL1364,PYRIDOXINE,0.1268,0.1613,0.1667,-0.0399,False
CHEMBL363392,MARALIXIBAT,0.1869,0.2188,0.2268,-0.0399,False
CHEMBL113178,SELENOMETHIONINE,0.1127,0.1333,0.1525,-0.0399,False
CHEMBL6068329,PEMETREXED DIPOTASSIUM,0.16,0.2268,0.2,-0.04,False
CHEMBL5315123,DIFELIKEFALIN ACETATE,0.21,0.2316,0.25,-0.04,False
CHEMBL3137309,VENETOCLAX,0.2,0.25,0.24,-0.04,False
CHEMBL1027,TIAGABINE,0.2247,0.25,0.2647,-0.04,False
CHEMBL433,VALPROATE SODIUM,0.1169,0.1452,0.1569,-0.04,False
CHEMBL3989944,DIROXIMEL FUMARATE,0.16,0.1951,0.2,-0.04,False
CHEMBL1098659,WATER,0.0,0.02,0.04,-0.04,False
CHEMBL2360464,PEMETREXED DISODIUM,0.16,0.2268,0.2,-0.04,False
CHEMBL1200508,IOXAGLATE MEGLUMINE,0.1081,0.1477,0.1481,-0.04,False
CHEMBL576982,QUIZARTINIB,0.2647,0.3191,0.3048,-0.0401,False
CHEMBL530,AMDINOCILLIN,0.1628,0.1875,0.2029,-0.0401,False
CHEMBL4802239,MOBOCERTINIB SUCCINATE,0.1933,0.25,0.2333,-0.0401,False
CHEMBL3989551,LINCOMYCIN HYDROCHLORIDE,0.1415,0.1685,0.1818,-0.0403,False
CHEMBL376897,METHSCOPOLAMINE,0.2169,0.1948,0.2571,-0.0403,False
CHEMBL3301610,ABEMACICLIB,0.2233,0.2717,0.2637,-0.0404,False
CHEMBL267894,AMOBARBITAL,0.1071,0.1515,0.1475,-0.0404,False
CHEMBL1699,MEMANTINE HYDROCHLORIDE,0.0789,0.1212,0.1194,-0.0405,False
CHEMBL1370561,AMINOPHYLLINE,0.1538,0.1974,0.1944,-0.0406,False
CHEMBL1479,DANAZOL,0.1224,0.1346,0.163,-0.0406,False
CHEMBL2111100,MIFAMURTIDE ACID,0.1176,0.1353,0.1583,-0.0407,False
CHEMBL429910,DAPAGLIFLOZIN,0.191,0.2278,0.2317,-0.0407,False
CHEMBL44618,CHLOROFORM,0.0274,0.0462,0.0682,-0.0408,False
CHEMBL1201148,MEPREDNISONE,0.14,0.163,0.1809,-0.0409,False
CHEMBL3707377,SEGESTERONE ACETATE,0.1443,0.1609,0.1852,-0.0409,False
CHEMBL3655081,ABROCITINIB,0.1702,0.1928,0.2111,-0.0409,False
CHEMBL1455,ALTRETAMINE,0.1091,0.1458,0.15,-0.0409,False
CHEMBL1200681,MONTELUKAST SODIUM,0.1667,0.2308,0.2075,-0.0409,False
CHEMBL1200527,ATRACURIUM BESYLATE,0.22,0.2527,0.2609,-0.0409,False
CHEMBL1200641,CISATRACURIUM BESYLATE,0.22,0.2527,0.2609,-0.0409,False
CHEMBL1763,HYDROFLUMETHIAZIDE,0.117,0.172,0.1579,-0.0409,False
CHEMBL3348963,TELOTRISTAT ETIPRATE,0.1849,0.2523,0.2258,-0.0409,False
CHEMBL2105131,MEFRUSIDE,0.1758,0.1959,0.2169,-0.041,False
CHEMBL449,BUTABARBITAL,0.1081,0.1373,0.1493,-0.0411,False
CHEMBL807,MEMANTINE,0.08,0.1231,0.1212,-0.0412,False
CHEMBL3833409,HYDROTALCITE ANHYDROUS,0.0541,0.0732,0.0952,-0.0412,False
CHEMBL1200733,DESFLURANE,0.0588,0.1,0.1,-0.0412,False
CHEMBL538943,VINORELBINE TARTRATE,0.156,0.1852,0.1974,-0.0413,False
CHEMBL238071,VINDESINE,0.1667,0.1888,0.208,-0.0413,False
CHEMBL494753,ESTRONE SULFURIC ACID,0.1685,0.2025,0.2099,-0.0413,False
CHEMBL1447,LINCOMYCIN,0.1442,0.1724,0.1856,-0.0413,False
CHEMBL370143,PAROMOMYCIN,0.0978,0.1064,0.1392,-0.0414,False
CHEMBL1200734,FOSAMPRENAVIR CALCIUM,0.2018,0.2143,0.2432,-0.0414,False
CHEMBL1200604,TROPICAMIDE,0.2278,0.2254,0.2692,-0.0414,False
CHEMBL1200656,NATAMYCIN,0.1538,0.1639,0.1953,-0.0415,False
CHEMBL3301680,TELAVANCIN HYDROCHLORIDE,0.1276,0.1587,0.1691,-0.0415,False
CHEMBL376140,TIGECYCLINE,0.1282,0.1667,0.1698,-0.0416,False
CHEMBL70046,SORIVUDINE,0.1348,0.1494,0.1765,-0.0416,False
CHEMBL1201039,BENZTHIAZIDE,0.1538,0.1687,0.1954,-0.0416,False
CHEMBL1303,ROTIGOTINE,0.2118,0.2184,0.2533,-0.0416,False
CHEMBL1200831,SPIRAPRIL HYDROCHLORIDE,0.2083,0.2308,0.25,-0.0417,False
CHEMBL507870,TELAVANCIN,0.1282,0.1593,0.1699,-0.0417,False
CHEMBL1201138,LEUCOVORIN CALCIUM,0.1667,0.2083,0.2083,-0.0417,False
CHEMBL1201134,LUBIPROSTONE,0.1667,0.1809,0.2083,-0.0417,False
CHEMBL3544986,PERINDOPRIL ARGININE,0.1565,0.2323,0.1982,-0.0417,False
CHEMBL1908361,LEVOLEUCOVORIN CALCIUM,0.1667,0.2083,0.2083,-0.0417,False
CHEMBL374731,TELBIVUDINE,0.1558,0.1795,0.1975,-0.0417,False
CHEMBL1200624,ETHYNODIOL DIACETATE,0.1212,0.1477,0.163,-0.0418,False
CHEMBL1236315,TARTARIC ACID,0.0806,0.1091,0.1224,-0.0418,False
CHEMBL1683590,ERIBULIN,0.1032,0.1154,0.145,-0.0419,False
CHEMBL2103795,AZILSARTAN KAMEDOXOMIL,0.1858,0.2162,0.2277,-0.0419,False
CHEMBL2040682,CICLESONIDE,0.1293,0.1468,0.1712,-0.0419,False
CHEMBL788,IDOXURIDINE,0.141,0.1667,0.1829,-0.0419,False
CHEMBL3707372,VOXILAPREVIR,0.1761,0.2123,0.218,-0.042,False
CHEMBL6068340,PRASUGREL BESYLATE,0.1961,0.2421,0.2381,-0.042,False
CHEMBL290106,BITHIONOL,0.1343,0.1618,0.1765,-0.0421,False
CHEMBL378544,VINBLASTINE SULFATE,0.1606,0.1765,0.2027,-0.0421,False
CHEMBL2018096,IPRAGLIFLOZIN,0.163,0.2051,0.2051,-0.0421,False
CHEMBL1684,BENDROFLUMETHIAZIDE,0.1633,0.1818,0.2055,-0.0422,False
CHEMBL160,CYCLOSPORINE,0.1138,0.1356,0.1561,-0.0423,False
CHEMBL6067995,BEROTRALSTAT HYDROCHLORIDE,0.2203,0.3113,0.2626,-0.0423,False
CHEMBL282042,SAQUINAVIR MESYLATE,0.1905,0.2203,0.2328,-0.0423,False
CHEMBL3989859,TOCOPHEROL ACETATE,0.1383,0.1573,0.1807,-0.0424,False
CHEMBL4298150,SIPONIMOD FUMARIC ACID,0.2202,0.2381,0.2626,-0.0424,False
CHEMBL1311,ISOSORBIDE MONONITRATE,0.0909,0.1067,0.1333,-0.0424,False
CHEMBL1200630,CYSTEINE HYDROCHLORIDE,0.0857,0.1186,0.1282,-0.0425,False
CHEMBL2028661,AZILSARTAN MEDOXOMIL,0.1875,0.2182,0.23,-0.0425,False
CHEMBL5314365,MONENSIN SODIUM,0.123,0.1397,0.1654,-0.0425,False
CHEMBL591,ETHCHLORVYNOL,0.0759,0.1014,0.1184,-0.0425,False
CHEMBL3545057,ACETYLDIGITOXIN,0.1345,0.16,0.1769,-0.0425,False
CHEMBL2106643,MYCOPHENOLATE SODIUM,0.1277,0.1573,0.1702,-0.0426,False
CHEMBL1042,CHOLECALCIFEROL,0.1078,0.1304,0.1505,-0.0427,False
CHEMBL1200588,CLINDAMYCIN HYDROCHLORIDE,0.1402,0.1667,0.1829,-0.0427,False
CHEMBL507674,CEFOPERAZONE,0.1825,0.181,0.2254,-0.0428,False
CHEMBL1559,MICONAZOLE NITRATE,0.2041,0.2472,0.2469,-0.0428,False
CHEMBL920,CHOLINE,0.0625,0.0893,0.1053,-0.0428,False
CHEMBL431,SPIRAPRIL,0.2105,0.2333,0.2533,-0.0428,False
CHEMBL403,SULBACTAM,0.1429,0.1622,0.1857,-0.0429,False
CHEMBL159,VINBLASTINE,0.1654,0.1818,0.2083,-0.0429,False
CHEMBL5315053,PEMETREXED MONOHYDRATE,0.1616,0.236,0.2045,-0.0429,False
CHEMBL931,HALOTHANE,0.0789,0.0857,0.122,-0.043,False
CHEMBL3989697,RIBOFLAVIN 5'-PHOSPHATE SODIUM,0.1753,0.1818,0.2184,-0.0431,False
CHEMBL5189739,BEROTRALSTAT,0.2222,0.3143,0.2653,-0.0431,False
CHEMBL1650559,PLAZOMICIN,0.1271,0.1485,0.1702,-0.0431,False
CHEMBL5314378,CASPOFUNGIN ACETATE,0.1724,0.1963,0.2156,-0.0432,False
CHEMBL2105941,AMOBARBITAL SODIUM,0.0978,0.1507,0.141,-0.0432,False
CHEMBL2146063,CHLORTETRACYCLINE HYDROCHLORIDE,0.1346,0.1758,0.1778,-0.0432,False
CHEMBL846,CALCITRIOL,0.1062,0.1321,0.1494,-0.0432,False
CHEMBL1213165,DOLUTEGRAVIR SODIUM,0.2381,0.25,0.2812,-0.0432,False
CHEMBL3544909,CALCIFEDIOL,0.1062,0.1359,0.1494,-0.0432,False
CHEMBL1357,SODIUM LACTATE,0.0857,0.1346,0.129,-0.0433,False
CHEMBL1201218,CEFAMANDOLE NAFATE FREE BASE,0.2105,0.2039,0.2538,-0.0433,False
CHEMBL1200664,POTASSIUM LACTATE,0.0857,0.1346,0.129,-0.0433,False
CHEMBL1286,LEVETIRACETAM,0.16,0.2667,0.2034,-0.0434,False
CHEMBL1201168,ISOCARBOXAZID,0.2105,0.2676,0.254,-0.0434,False
CHEMBL3989564,TOBRAMYCIN SULFATE,0.117,0.1183,0.1605,-0.0435,False
CHEMBL3989962,PEMETREXED TROMETHAMINE,0.1607,0.2277,0.2043,-0.0436,False
CHEMBL1908917,FLUCICLOVINE,0.1127,0.1587,0.1562,-0.0436,False
CHEMBL254468,FLUCICLOVINE F18,0.1127,0.1587,0.1562,-0.0436,False
CHEMBL225072,PEMETREXED,0.1633,0.2386,0.2069,-0.0436,False
CHEMBL1753,CLINDAMYCIN,0.1415,0.1685,0.1852,-0.0437,False
CHEMBL1397,POSACONAZOLE,0.2,0.2478,0.2437,-0.0437,False
CHEMBL3989919,FOSNETUPITANT CHLORIDE HYDROCHLORIDE,0.1966,0.27,0.2404,-0.0438,False
CHEMBL1200600,FLUOROMETHOLONE,0.1649,0.1667,0.2088,-0.0438,False
CHEMBL1370,BUDESONIDE,0.1293,0.1667,0.1731,-0.0438,False
CHEMBL252556,IDEBENONE,0.1447,0.169,0.1887,-0.0439,False
CHEMBL404520,CHLORTETRACYCLINE,0.1359,0.1778,0.1798,-0.0439,False
CHEMBL3991065,ATOGEPANT,0.1833,0.213,0.2273,-0.0439,False
CHEMBL2103741,LEVOTHYROXINE SODIUM,0.1379,0.1647,0.1818,-0.0439,False
CHEMBL3545058,DEXTROTHYROXINE SODIUM,0.1379,0.1647,0.1818,-0.0439,False
CHEMBL444,BARBITAL,0.1014,0.1186,0.1455,-0.044,False
CHEMBL3989928,REZAFUNGIN ACETATE,0.1594,0.2119,0.2034,-0.044,False
CHEMBL1040,CALCIFEDIOL ANHYDROUS,0.1071,0.1333,0.1512,-0.044,False
CHEMBL1323,DARUNAVIR,0.1852,0.2059,0.2292,-0.044,False
CHEMBL1200666,CALCIPOTRIENE,0.1019,0.1348,0.1458,-0.044,False
CHEMBL2105740,SITAXENTAN SODIUM,0.16,0.2277,0.2041,-0.0441,False
CHEMBL1201093,METHYL AMINOLEVULINATE HYDROCHLORIDE,0.1324,0.1455,0.1765,-0.0441,False
CHEMBL1201239,IODAMIDE,0.1358,0.1781,0.18,-0.0442,False
CHEMBL1200944,SULBACTAM SODIUM,0.125,0.1429,0.1692,-0.0442,False
CHEMBL1201081,METHYLPREDNISOLONE SODIUM SUCCINATE,0.1481,0.1531,0.1923,-0.0442,False
CHEMBL1200922,MEBUTAMATE,0.1282,0.1594,0.1724,-0.0442,False
CHEMBL3188576,DIHYDROSTREPTOMYCIN SULFATE,0.1238,0.1188,0.168,-0.0442,False
CHEMBL2403238,CABOTEGRAVIR,0.2353,0.2472,0.2796,-0.0443,False
CHEMBL1200570,MEGLUMINE,0.0986,0.1231,0.1429,-0.0443,False
CHEMBL2325741,CAPIVASERTIB,0.1981,0.2273,0.2424,-0.0443,False
CHEMBL1200826,LITHIUM CARBONATE,0.0556,0.0769,0.1,-0.0444,False
CHEMBL1200790,METHYPRYLON,0.1351,0.1429,0.1795,-0.0444,False
CHEMBL114,SAQUINAVIR,0.1967,0.2281,0.2411,-0.0444,False
CHEMBL1200736,MAGNESIUM CARBONATE,0.0556,0.0769,0.1,-0.0444,False
CHEMBL1201146,NORETHINDRONE ACETATE,0.1354,0.163,0.1798,-0.0444,False
CHEMBL1201155,LOXAPINE SUCCINATE,0.2529,0.3375,0.2973,-0.0444,False
CHEMBL186314,SODIUM CARBONATE,0.0556,0.0862,0.1,-0.0444,False
CHEMBL1229211,DOLUTEGRAVIR,0.2427,0.2697,0.2872,-0.0445,False
CHEMBL1355736,THEOPHYLLINE,0.1467,0.1739,0.1912,-0.0445,False
CHEMBL2348780,VAMOROLONE,0.1443,0.1758,0.1889,-0.0446,False
CHEMBL863,CYSTEINE,0.087,0.1207,0.1316,-0.0446,False
CHEMBL690,PRAVASTATIN SODIUM,0.1238,0.1531,0.1684,-0.0446,False
CHEMBL746,NEDOCROMIL,0.2022,0.1975,0.2469,-0.0447,False
CHEMBL1201118,CEFMETAZOLE SODIUM,0.1351,0.1653,0.1799,-0.0447,False
CHEMBL1200747,AMMONIUM LACTATE,0.0952,0.1458,0.14,-0.0448,False
CHEMBL1096562,METHYL AMINOLEVULINATE,0.1343,0.1481,0.1791,-0.0448,False
CHEMBL1200865,LOTEPREDNOL ETABONATE,0.1415,0.1622,0.1863,-0.0448,False
CHEMBL407,FLUMAZENIL,0.2472,0.2674,0.2921,-0.0449,False
CHEMBL1446,KANAMYCIN SULFATE,0.1196,0.1209,0.1646,-0.045,False
CHEMBL1770248,ERTUGLIFLOZIN,0.1828,0.2258,0.2278,-0.0451,False
CHEMBL1201265,METHYLPREDNISOLONE HEMISUCCINATE,0.1509,0.1562,0.1961,-0.0451,False
CHEMBL345714,ACIPIMOX,0.1351,0.2,0.1803,-0.0452,False
CHEMBL2063090,GRAZOPREVIR ANHYDROUS,0.1691,0.2143,0.2143,-0.0452,False
CHEMBL1083659,SUVOREXANT,0.2178,0.2784,0.2632,-0.0453,False
CHEMBL1201014,PREDNISOLONE SODIUM PHOSPHATE,0.1569,0.163,0.2021,-0.0453,False
CHEMBL1983268,ENTRECTINIB,0.2476,0.3125,0.2929,-0.0453,False
CHEMBL501849,SIMEPREVIR,0.1786,0.2097,0.2239,-0.0453,False
CHEMBL105,MITOMYCIN,0.1474,0.1556,0.1928,-0.0454,False
CHEMBL1449,TICARCILLIN,0.1569,0.17,0.2024,-0.0455,False
CHEMBL1200531,ALFENTANIL HYDROCHLORIDE,0.2283,0.2527,0.2738,-0.0455,False
CHEMBL1200454,VALGANCICLOVIR HYDROCHLORIDE,0.1327,0.2027,0.1782,-0.0456,False
CHEMBL962,EPOPROSTENOL SODIUM,0.1308,0.1505,0.1765,-0.0456,False
CHEMBL2336071,SIPONIMOD,0.2308,0.25,0.2766,-0.0458,False
CHEMBL1144,PRAVASTATIN,0.1262,0.1569,0.172,-0.0458,False
CHEMBL600,ACETYLCYSTEINE,0.1111,0.1636,0.1569,-0.0458,False
CHEMBL1166,ARGATROBAN,0.1651,0.26,0.211,-0.0459,False
CHEMBL1607480,OXYTETRACYCLINE HYDROCHLORIDE,0.1359,0.1556,0.1818,-0.0459,False
CHEMBL3545367,LEMBOREXANT,0.2041,0.2644,0.25,-0.0459,False
CHEMBL3187723,BINIMETINIB,0.181,0.2184,0.2268,-0.0459,False
CHEMBL5315054,ERTUGLIFLOZIN PIDOLATE,0.1835,0.2255,0.2294,-0.0459,False
CHEMBL1697744,ERDOSTEINE,0.1566,0.1852,0.2025,-0.0459,False
CHEMBL116,AMPRENAVIR,0.1959,0.2292,0.2418,-0.0459,False
CHEMBL1201231,PREDNISOLONE PHOSPHORIC ACID,0.1584,0.1648,0.2043,-0.0459,False
CHEMBL787,MONTELUKAST,0.1696,0.2353,0.2157,-0.046,False
CHEMBL1572,NETILMICIN,0.1273,0.1304,0.1732,-0.046,False
CHEMBL1201314,VALGANCICLOVIR,0.134,0.1892,0.18,-0.046,False
CHEMBL198362,RIVAROXABAN,0.1935,0.2396,0.2396,-0.046,False
CHEMBL435,HYDROCHLOROTHIAZIDE,0.1099,0.1343,0.1558,-0.046,False
CHEMBL1554,DACTINOMYCIN,0.1732,0.188,0.2193,-0.0461,False
CHEMBL1059,PREGABALIN,0.1127,0.1452,0.1587,-0.0461,False
CHEMBL1200559,LACTIC ACID,0.0968,0.1489,0.1429,-0.0461,False
CHEMBL1200932,IOPAMIDOL,0.1341,0.1948,0.1803,-0.0462,False
CHEMBL3989715,MUPIROCIN CALCIUM,0.1062,0.1429,0.1524,-0.0462,False
CHEMBL1200976,IDARUBICIN HYDROCHLORIDE,0.1538,0.1827,0.2,-0.0462,False
CHEMBL1201112,NELARABINE,0.1585,0.1765,0.2048,-0.0463,False
CHEMBL3989945,REZAFUNGIN,0.1642,0.2193,0.2105,-0.0463,False
CHEMBL2106825,MEDROGESTONE,0.1429,0.175,0.1892,-0.0463,False
CHEMBL1616046,HYPOCHLOROUS ACID,0.037,0.0556,0.0833,-0.0463,False
CHEMBL634,ALFENTANIL,0.2308,0.2556,0.2771,-0.0463,False
CHEMBL3286830,LORLATINIB,0.1923,0.2143,0.2386,-0.0463,False
CHEMBL1200340,OSELTAMIVIR PHOSPHATE,0.1758,0.2022,0.2222,-0.0464,False
CHEMBL1200434,OXTRIPHYLLINE,0.1463,0.1875,0.1928,-0.0464,False
CHEMBL4298128,ELEXACAFTOR,0.1721,0.2087,0.2185,-0.0464,False
CHEMBL1117,IDARUBICIN,0.1553,0.1845,0.2018,-0.0464,False
CHEMBL2220442,FLUVASTATIN,0.1789,0.2222,0.2255,-0.0465,False
CHEMBL3988900,ZINC OXIDE,0.0,0.0217,0.0465,-0.0465,False
CHEMBL1095097,EPLERENONE,0.1471,0.1714,0.1935,-0.0465,False
CHEMBL2105842,CORTIVAZOL,0.1875,0.1913,0.2342,-0.0467,False
CHEMBL1517,OXYTETRACYCLINE,0.1373,0.1573,0.1839,-0.0467,False
CHEMBL1512,FLUNISOLIDE,0.1333,0.1416,0.18,-0.0467,False
CHEMBL2311071,VINYL CHLORIDE,0.0333,0.0435,0.08,-0.0467,False
CHEMBL5315118,ILOPROST TROMETHAMINE,0.1121,0.17,0.1589,-0.0467,False
CHEMBL1233,CARISOPRODOL,0.1222,0.1644,0.169,-0.0468,False
CHEMBL21333,PRANLUKAST,0.2059,0.3059,0.2527,-0.0469,False
CHEMBL1261,CITRIC ACID,0.0882,0.1148,0.1351,-0.0469,False
CHEMBL2106660,ACEFYLLINE PIPERAZINE,0.2,0.2368,0.2469,-0.0469,False
CHEMBL1200627,PROPIOLACTONE,0.0986,0.1525,0.1455,-0.0469,False
CHEMBL545,ALCOHOL,0.0781,0.1081,0.125,-0.0469,False
CHEMBL1201006,PYRILAMINE MALEATE,0.3151,0.3014,0.3621,-0.047,False
CHEMBL1549,HYDROCORTISONE CYPIONATE,0.1509,0.1717,0.1979,-0.047,False
CHEMBL1201109,DESONIDE,0.1346,0.1522,0.1818,-0.0472,False
CHEMBL3544988,DAPRODUSTAT,0.2027,0.2078,0.25,-0.0473,False
CHEMBL3989694,OLANZAPINE PAMOATE,0.2,0.2474,0.2473,-0.0473,False
CHEMBL3989568,OXYTETRACYCLINE CALCIUM,0.1333,0.1522,0.1807,-0.0474,False
CHEMBL450,METHARBITAL,0.125,0.1406,0.1724,-0.0474,False
CHEMBL3833335,CHLORAL BETAINE,0.0972,0.12,0.1446,-0.0474,False
CHEMBL1372950,NICERGOLINE,0.1759,0.215,0.2233,-0.0474,False
CHEMBL3137333,ISAVUCONAZONIUM SULFATE,0.1583,0.2174,0.2057,-0.0474,False
CHEMBL2103929,LYMECYCLINE,0.1525,0.1869,0.2,-0.0475,False
CHEMBL5095051,VENLAFAXINE BESYLATE,0.2436,0.2558,0.2911,-0.0475,False
CHEMBL1558,PRAZOSIN HYDROCHLORIDE,0.2273,0.2637,0.275,-0.0477,False
CHEMBL719,MUPIROCIN,0.1091,0.1474,0.1569,-0.0478,False
CHEMBL450449,TRABECTEDIN,0.1364,0.1967,0.1842,-0.0478,False
CHEMBL129,ZIDOVUDINE,0.134,0.1628,0.1818,-0.0478,False
CHEMBL1463345,CANRENONE,0.1209,0.1368,0.1687,-0.0478,False
CHEMBL1364144,METHYLPREDNISOLONE ACETATE,0.1584,0.1648,0.2062,-0.0478,False
CHEMBL1152,PREDNISOLONE ACETATE,0.15,0.1596,0.1979,-0.0479,False
CHEMBL3182733,PRAMIPEXOLE DIHYDROCHLORIDE,0.1494,0.194,0.1974,-0.0479,False
CHEMBL3989740,DOXYCYCLINE HYCLATE,0.1402,0.1548,0.1881,-0.0479,False
CHEMBL1908370,FINAFLOXACIN,0.1619,0.193,0.21,-0.0481,False
CHEMBL2364612,LATANOPROSTENE BUNOD,0.1714,0.1942,0.2195,-0.0481,False
CHEMBL74632,MOXALACTAM,0.1607,0.1786,0.2088,-0.0481,False
CHEMBL1200764,METHACHOLINE CHLORIDE,0.0986,0.1404,0.1467,-0.0481,False
CHEMBL488,AMINOGLUTETHIMIDE,0.1519,0.1928,0.2,-0.0481,False
CHEMBL1615371,LEVOMEFOLATE CALCIUM,0.1776,0.2258,0.2258,-0.0482,False
CHEMBL426559,LAROPIPRANT,0.2211,0.2824,0.2692,-0.0482,False
CHEMBL1445,FLUOXYMESTERONE,0.1444,0.1724,0.1928,-0.0483,False
CHEMBL3989958,IVOSIDENIB,0.2017,0.25,0.25,-0.0483,False
CHEMBL454950,TETRACYCLINE HYDROCHLORIDE,0.1471,0.1685,0.1954,-0.0483,False
CHEMBL2,PRAZOSIN,0.2299,0.2667,0.2785,-0.0486,False
CHEMBL2105233,PROXIBARBAL,0.1084,0.125,0.1571,-0.0487,False
CHEMBL4458276,ENMETAZOBACTAM,0.1444,0.1848,0.1932,-0.0487,False
CHEMBL1909288,TRIACETYLDIPHENOLISATIN,0.1687,0.2105,0.2174,-0.0487,False
CHEMBL20,ACETAZOLAMIDE,0.1481,0.1558,0.197,-0.0488,False
CHEMBL1683544,ERIBULIN MESYLATE,0.0992,0.1377,0.1481,-0.0489,False
CHEMBL1201165,QUINESTROL,0.1828,0.1882,0.2317,-0.0489,False
CHEMBL1162,NORETHINDRONE,0.1319,0.1512,0.1807,-0.0489,False
CHEMBL2105613,DIVALPROEX SODIUM,0.1111,0.1515,0.16,-0.0489,False
CHEMBL1079604,METAXALONE,0.1818,0.2152,0.2308,-0.049,False
CHEMBL1201037,EFLORNITHINE HYDROCHLORIDE,0.1071,0.1408,0.1562,-0.0491,False
CHEMBL1200948,TRIMIPRAMINE MALEATE,0.2278,0.2571,0.2769,-0.0491,False
CHEMBL1399,ANASTROZOLE,0.2118,0.1644,0.2609,-0.0491,False
CHEMBL1440,TETRACYCLINE,0.1485,0.1705,0.1977,-0.0492,False
CHEMBL3833351,HYDROTALCITE,0.0533,0.0746,0.1026,-0.0492,False
CHEMBL1241951,LETERMOVIR,0.2252,0.3187,0.2745,-0.0493,False
CHEMBL1502,PANTOPRAZOLE,0.1848,0.2421,0.234,-0.0493,False
CHEMBL271227,ABIRATERONE ACETATE,0.2151,0.2444,0.2644,-0.0493,False
CHEMBL1183349,ISAVUCONAZONIUM,0.1654,0.2273,0.2148,-0.0494,False
CHEMBL2364638,UBROGEPANT,0.1864,0.2178,0.2358,-0.0494,False
CHEMBL1908315,GEMEPROST,0.1481,0.1562,0.1977,-0.0495,False
CHEMBL1929396,ANAGLIPTIN,0.19,0.2371,0.2396,-0.0496,False
CHEMBL1201065,THIAMYLAL SODIUM,0.1042,0.125,0.1538,-0.0497,False
CHEMBL301265,PRAMIPEXOLE,0.1529,0.2,0.2027,-0.0498,False
CHEMBL3989559,PANTOPRAZOLE SODIUM,0.1702,0.2396,0.22,-0.0498,False
CHEMBL1200910,SULFISOXAZOLE ACETYL,0.1579,0.1707,0.2078,-0.0499,False
CHEMBL513,CARMUSTINE,0.122,0.1636,0.1719,-0.0499,False
CHEMBL1201198,PEMIROLAST,0.1429,0.1951,0.1928,-0.0499,False
CHEMBL4594251,NETARSUDIL DIMESYLATE,0.2079,0.2551,0.2581,-0.0501,False
CHEMBL2105720,LESINURAD,0.2065,0.2386,0.2568,-0.0502,False
CHEMBL1200569,CAFFEINE CITRATE,0.1667,0.1899,0.2169,-0.0502,False
CHEMBL1006,AMIFOSTINE,0.1084,0.1538,0.1587,-0.0503,False
CHEMBL2105248,POTASSIUM BITARTRATE,0.0746,0.1,0.125,-0.0504,False
CHEMBL1398126,AMILORIDE HYDROCHLORIDE,0.119,0.197,0.1695,-0.0504,False
CHEMBL635,PREDNISONE,0.1474,0.1529,0.1978,-0.0504,False
CHEMBL1595,DIHYDROCODEINE,0.1895,0.2262,0.24,-0.0505,False
CHEMBL288470,AMINOPYRINE,0.1781,0.2203,0.2286,-0.0505,False
CHEMBL463,AMINOHIPPURIC ACID,0.2254,0.3333,0.2759,-0.0505,False
CHEMBL4297091,CODEINE SULFATE,0.1875,0.2135,0.2381,-0.0506,False
CHEMBL65375,TIPIRACIL HYDROCHLORIDE,0.1325,0.1746,0.1831,-0.0506,False
CHEMBL1201774,SAPROPTERIN,0.1412,0.1528,0.1918,-0.0506,False
CHEMBL1551,URSODIOL,0.129,0.1932,0.1798,-0.0507,False
CHEMBL3989798,FORMOTEROL FUMARATE,0.2069,0.2584,0.2576,-0.0507,False
CHEMBL240597,CHENODIOL,0.129,0.1932,0.1798,-0.0507,False
CHEMBL1200743,IOXAGLATE SODIUM,0.1089,0.1688,0.1596,-0.0507,False
CHEMBL842,CHLOROTHIAZIDE,0.0978,0.119,0.1486,-0.0508,False
CHEMBL1405,ESTRONE,0.1778,0.1905,0.2286,-0.0508,False
CHEMBL2364623,PLAZOMICIN SULFATE,0.124,0.1442,0.1748,-0.0509,False
CHEMBL1200991,CARBENICILLIN INDANYL SODIUM,0.1905,0.2316,0.2414,-0.0509,False
CHEMBL311498,CIANIDANOL,0.131,0.1714,0.1818,-0.0509,False
CHEMBL1200751,MERCAPTOPURINE,0.0741,0.1045,0.125,-0.0509,False
CHEMBL393220,ATORVASTATIN CALCIUM,0.2019,0.2716,0.2529,-0.051,False
CHEMBL569713,SCOPOLAMINE,0.2346,0.2143,0.2857,-0.0511,False
CHEMBL6068431,BENZGALANTAMINE GLUCONATE,0.1964,0.2404,0.2475,-0.0511,False
CHEMBL1200973,ESTRADIOL CYPIONATE,0.1684,0.2371,0.2195,-0.0511,False
CHEMBL553025,VINORELBINE,0.1556,0.1769,0.2069,-0.0513,False
CHEMBL215303,GARENOXACIN,0.1731,0.2039,0.2245,-0.0514,False
CHEMBL1084172,VILANTEROL TRIFENATATE,0.1754,0.2128,0.2268,-0.0514,False
CHEMBL539,ACETIC ACID,0.082,0.1224,0.1333,-0.0514,False
CHEMBL3989824,THIOTHIXENE HYDROCHLORIDE,0.1915,0.2211,0.2429,-0.0514,False
CHEMBL3989678,PIPERAZINE CITRATE,0.1127,0.1667,0.1642,-0.0515,False
CHEMBL1413,CICLOPIROX,0.1688,0.2273,0.2203,-0.0515,False
CHEMBL1009,LEVODOPA,0.16,0.2,0.2115,-0.0515,False
CHEMBL1200903,SECOBARBITAL SODIUM,0.1064,0.1282,0.1579,-0.0515,False
CHEMBL830,EFLORNITHINE,0.1098,0.1449,0.1613,-0.0515,False
CHEMBL7413,METHOHEXITAL,0.1023,0.1646,0.1538,-0.0516,False
CHEMBL4297378,DURLOBACTAM SODIUM,0.1395,0.1899,0.1912,-0.0516,False
CHEMBL235668,TIPIRACIL,0.1341,0.1774,0.1857,-0.0516,False
CHEMBL4594382,DEURUXOLITINIB PHOSPHATE,0.1667,0.1828,0.2184,-0.0517,False
CHEMBL264241,ANIDULAFUNGIN,0.1746,0.2336,0.2264,-0.0518,False
CHEMBL464,ETRETINATE,0.1705,0.2024,0.2222,-0.0518,False
CHEMBL1200477,ALLOPURINOL SODIUM,0.1316,0.1642,0.1833,-0.0518,False
CHEMBL6622,ISOSORBIDE DINITRATE,0.0909,0.1127,0.1429,-0.0519,False
CHEMBL3039526,LASMIDITAN SUCCINATE,0.2584,0.2903,0.3103,-0.0519,False
CHEMBL1201291,IOXAGLIC ACID,0.1111,0.1733,0.163,-0.0519,False
CHEMBL1200393,GREPAFLOXACIN HYDROCHLORIDE,0.1753,0.2826,0.2273,-0.052,False
CHEMBL3137310,BENZHYDROCODONE HYDROCHLORIDE,0.198,0.2444,0.25,-0.052,False
CHEMBL880,FAMCICLOVIR,0.1591,0.1954,0.2111,-0.052,False
CHEMBL4650319,MOBOCERTINIB,0.1913,0.2593,0.2435,-0.0522,False
CHEMBL2159122,ELUXADOLINE,0.2308,0.266,0.283,-0.0522,False
CHEMBL1951071,ARFORMOTEROL TARTRATE,0.2093,0.2614,0.2615,-0.0522,False
CHEMBL1200419,MOLINDONE HYDROCHLORIDE,0.1977,0.225,0.25,-0.0523,False
CHEMBL2218894,FLUVASTATIN SODIUM,0.1667,0.2222,0.219,-0.0524,False
CHEMBL4297666,OMIDENEPAG ISOPROPYL,0.1923,0.217,0.2447,-0.0524,False
CHEMBL2105611,TACALCITOL,0.1089,0.1296,0.1613,-0.0524,False
CHEMBL3990694,PIPERAZINE CITRATE ANHYDROUS,0.1143,0.1695,0.1667,-0.0524,False
CHEMBL554,LAPATINIB,0.1875,0.2456,0.24,-0.0525,False
CHEMBL3137321,BENZHYDROCODONE,0.2,0.2472,0.2526,-0.0526,False
CHEMBL2364607,COBIMETINIB FUMARATE,0.1553,0.1981,0.2079,-0.0526,False
CHEMBL857,BIOTIN,0.1205,0.1549,0.1731,-0.0526,False
CHEMBL1200850,GANCICLOVIR SODIUM,0.1163,0.1746,0.169,-0.0527,False
CHEMBL957,BOSENTAN,0.1919,0.2418,0.2447,-0.0528,False
CHEMBL1201098,CEFOTETAN DISODIUM,0.1316,0.1441,0.1844,-0.0528,False
CHEMBL1646,INDOCYANINE GREEN,0.1429,0.1636,0.1957,-0.0528,False
CHEMBL583,GREPAFLOXACIN,0.1771,0.2857,0.2299,-0.0528,False
CHEMBL1387,NORETHYNODREL,0.1158,0.1529,0.1687,-0.0529,False
CHEMBL4298137,DURLOBACTAM,0.1412,0.1786,0.194,-0.0529,False
CHEMBL547,ISOTRETINOIN,0.1136,0.1609,0.1667,-0.053,False
CHEMBL4298139,SERDEXMETHYLPHENIDATE CHLORIDE,0.2178,0.2604,0.2708,-0.053,False
CHEMBL705,ALITRETINOIN,0.1136,0.1609,0.1667,-0.053,False
CHEMBL38,TRETINOIN,0.1136,0.1609,0.1667,-0.053,False
CHEMBL1201766,FOSPROPOFOL,0.16,0.2344,0.2131,-0.0531,False
CHEMBL3989937,CAPMATINIB HYDROCHLORIDE,0.1887,0.2929,0.2418,-0.0531,False
CHEMBL4582651,PRALSETINIB,0.1897,0.233,0.2427,-0.0531,False
CHEMBL1200386,PREDNICARBATE,0.1296,0.1545,0.1827,-0.0531,False
CHEMBL1200863,MELPHALAN HYDROCHLORIDE,0.175,0.25,0.2281,-0.0531,False
CHEMBL4594250,NETARSUDIL,0.2165,0.266,0.2697,-0.0532,False
CHEMBL3989829,NETILMICIN SULFATE,0.1327,0.1351,0.186,-0.0533,False
CHEMBL1511957,PIPERIDOLATE HYDROCHLORIDE,0.2703,0.2875,0.3235,-0.0533,False
CHEMBL74,CROMOLYN SODIUM,0.2346,0.2763,0.2879,-0.0533,False
CHEMBL945,AMILORIDE,0.122,0.2031,0.1754,-0.0535,False
CHEMBL1201220,DIATRIZOIC ACID,0.137,0.1594,0.1905,-0.0535,False
CHEMBL460,MOLINDONE,0.2,0.2278,0.2535,-0.0535,False
CHEMBL231813,TELAPREVIR,0.1667,0.1949,0.2202,-0.0535,False
CHEMBL3990047,OZENOXACIN,0.1875,0.2667,0.241,-0.0535,False
CHEMBL575,METHICILLIN,0.1932,0.2535,0.2468,-0.0536,False
CHEMBL1773,CAPECITABINE,0.1881,0.2169,0.2418,-0.0536,False
CHEMBL218394,BOCEPREVIR,0.1402,0.1616,0.1939,-0.0537,False
CHEMBL3183451,GARENOXACIN MESYLATE,0.1696,0.1964,0.2233,-0.0537,False
CHEMBL808,ECONAZOLE,0.2088,0.2658,0.2625,-0.0537,False
CHEMBL4301162,SERDEXMETHYLPHENIDATE,0.22,0.2632,0.2737,-0.0537,False
CHEMBL1257,ENFLURANE,0.061,0.0822,0.1148,-0.0538,False
CHEMBL2107333,DIMETHYL FUMARATE,0.1053,0.1509,0.1591,-0.0538,False
CHEMBL1256987,FUSIDATE SODIUM,0.1193,0.1404,0.1731,-0.0538,False
CHEMBL1256,ISOFLURANE,0.061,0.0968,0.1148,-0.0538,False
CHEMBL5095056,BENZGALANTAMINE,0.202,0.25,0.2558,-0.0538,False
CHEMBL5095401,IPTACOPAN HYDROCHLORIDE,0.2075,0.2747,0.2614,-0.0538,False
CHEMBL1596,CARBENICILLIN INDANYL,0.1961,0.2391,0.25,-0.0539,False
CHEMBL3989917,FOSNETUPITANT,0.1864,0.27,0.2404,-0.0539,False
CHEMBL3989716,PROPOXYPHENE NAPSYLATE,0.2418,0.2593,0.2958,-0.054,False
CHEMBL5315119,UPADACITINIB HEMIHYDRATE,0.1837,0.2165,0.2376,-0.054,False
CHEMBL1487,ATORVASTATIN,0.2079,0.2821,0.2619,-0.054,False
CHEMBL56021,LEVACETYLLEUCINE,0.1233,0.1818,0.1774,-0.0541,False
CHEMBL298734,LONAFARNIB,0.2316,0.2588,0.2857,-0.0541,False
CHEMBL2216870,IDELALISIB,0.1731,0.2151,0.2273,-0.0542,False
CHEMBL53292,ISOXICAM,0.1667,0.2045,0.2209,-0.0543,False
CHEMBL866,MYCOPHENOLIC ACID,0.1304,0.1609,0.1848,-0.0543,False
CHEMBL1905872,DOCUSATE SODIUM,0.129,0.1235,0.1833,-0.0543,False
CHEMBL1201,THIOTHIXENE,0.1957,0.2245,0.25,-0.0543,False
CHEMBL1201018,CEFACLOR,0.2022,0.2073,0.2566,-0.0544,False
CHEMBL680,CEFACLOR ANHYDROUS,0.2045,0.2099,0.2589,-0.0544,False
CHEMBL1623992,PIPERIDOLATE,0.274,0.2911,0.3284,-0.0544,False
CHEMBL3622821,UPADACITINIB,0.1856,0.2188,0.24,-0.0544,False
CHEMBL1544,LIOTHYRONINE,0.15,0.1918,0.2045,-0.0545,False
CHEMBL1201777,TAPENTADOL HYDROCHLORIDE,0.2,0.2344,0.2545,-0.0545,False
CHEMBL3989516,FOSTAMATINIB DISODIUM,0.177,0.1881,0.2315,-0.0545,False
CHEMBL1237065,TRAMADOL HYDROCHLORIDE,0.2105,0.2917,0.2651,-0.0545,False
CHEMBL938,SARALASIN,0.1955,0.2773,0.25,-0.0545,False
CHEMBL3183409,APALUTAMIDE,0.1863,0.2342,0.2407,-0.0545,False
CHEMBL4297185,DAROLUTAMIDE,0.1802,0.2211,0.2347,-0.0545,False
CHEMBL1483,ALBENDAZOLE,0.2093,0.284,0.2639,-0.0546,False
CHEMBL2103873,MACITENTAN,0.1368,0.2065,0.1915,-0.0546,False
CHEMBL254219,DIGITOXIN,0.1339,0.1417,0.1885,-0.0546,False
CHEMBL319144,MINODRONIC ACID,0.1646,0.1884,0.2192,-0.0546,False
CHEMBL1751,DIGOXIN,0.1339,0.1417,0.1885,-0.0546,False
CHEMBL4594287,ENSIFENTRINE,0.1863,0.2333,0.241,-0.0547,False
CHEMBL5723563,ELIGLUSTAT TARTRATE,0.2136,0.2717,0.2683,-0.0547,False
CHEMBL325041,BORTEZOMIB,0.19,0.2237,0.2447,-0.0547,False
CHEMBL3188267,CAPMATINIB,0.1923,0.299,0.2472,-0.0549,False
CHEMBL852,MELPHALAN,0.1772,0.2542,0.2321,-0.0549,False
CHEMBL1237044,TRAMADOL,0.2133,0.2958,0.2683,-0.055,False
CHEMBL2105581,VERALIPRIDE,0.2371,0.2791,0.2921,-0.055,False
CHEMBL1689,TOLAZOLINE HYDROCHLORIDE,0.1857,0.197,0.2407,-0.055,False
CHEMBL6068395,REVUMENIB CITRATE,0.197,0.2302,0.2521,-0.0551,False
CHEMBL1200938,METHYSERGIDE MALEATE,0.1765,0.2065,0.2316,-0.0551,False
CHEMBL2105629,VINFLUNINE DITARTRATE,0.1554,0.1825,0.2105,-0.0551,False
CHEMBL3039520,LASMIDITAN,0.2619,0.2955,0.3171,-0.0552,False
CHEMBL3716057,GEFAPIXANT,0.1591,0.2093,0.2143,-0.0552,False
CHEMBL1481,GLIMEPIRIDE,0.2323,0.2824,0.2875,-0.0552,False
CHEMBL1739,METOCURINE IODIDE,0.1471,0.1609,0.2024,-0.0553,False
CHEMBL1200367,ECHOTHIOPHATE IODIDE,0.0779,0.1212,0.1333,-0.0554,False
CHEMBL1430,PENICILLAMINE,0.0875,0.1333,0.1429,-0.0554,False
CHEMBL3085436,VIOMYCIN,0.125,0.1463,0.1804,-0.0554,False
CHEMBL1201151,MESTRANOL,0.191,0.225,0.2466,-0.0556,False
CHEMBL1593906,LEVOPROPOXYPHENE NAPSYLATE,0.2444,0.2625,0.3,-0.0556,False
CHEMBL3989515,PENICILLIN G BENZATHINE,0.2,0.2532,0.2556,-0.0556,False
CHEMBL3989823,VIOMYCIN SULFATE,0.122,0.1442,0.1777,-0.0557,False
CHEMBL3833382,PRAJMALIUM,0.14,0.165,0.1957,-0.0557,False
CHEMBL6068423,ESTETROL,0.1728,0.2048,0.2286,-0.0557,False
CHEMBL1200563,CERIVASTATIN SODIUM,0.1553,0.2083,0.2111,-0.0558,False
CHEMBL1395,METHYLTESTOSTERONE,0.1548,0.1529,0.2105,-0.0558,False
CHEMBL409,BICALUTAMIDE,0.2151,0.3053,0.2708,-0.0558,False
CHEMBL282724,SITAXENTAN,0.1616,0.2424,0.2174,-0.0558,False
CHEMBL1200760,BALSALAZIDE DISODIUM,0.1977,0.2667,0.2535,-0.0558,False
CHEMBL4594448,IPTACOPAN,0.2115,0.2809,0.2674,-0.0559,False
CHEMBL2218896,NABILONE,0.1562,0.1809,0.2121,-0.0559,False
CHEMBL937,DIETHYLCARBAMAZINE CITRATE,0.1829,0.2346,0.2388,-0.0559,False
CHEMBL1679,LEUCOVORIN,0.1698,0.2258,0.2258,-0.056,False
CHEMBL1908841,LEVOLEUCOVORIN,0.1698,0.2258,0.2258,-0.056,False
CHEMBL3545123,PIBRENTASVIR,0.1917,0.2593,0.2477,-0.056,False
CHEMBL112,ACETAMINOPHEN,0.2206,0.25,0.2766,-0.056,False
CHEMBL1256818,DEXTROMETHORPHAN HYDROBROMIDE,0.2048,0.2676,0.2609,-0.0561,False
CHEMBL2146883,COBIMETINIB,0.1649,0.21,0.2211,-0.0561,False
CHEMBL3707306,STRONTIUM RANELATE,0.1026,0.1481,0.1587,-0.0562,False
CHEMBL1716,CYPROHEPTADINE HYDROCHLORIDE,0.1733,0.2258,0.2295,-0.0562,False
CHEMBL1200987,EPROSARTAN MESYLATE,0.1683,0.2165,0.2245,-0.0562,False
CHEMBL1259,METOCURINE,0.1485,0.1628,0.2048,-0.0563,False
CHEMBL1201782,FOSAPREPITANT DIMEGLUMINE,0.2205,0.2301,0.2768,-0.0563,False
CHEMBL4105630,ZURANOLONE,0.17,0.2396,0.2264,-0.0564,False
CHEMBL1744447,ROSUVASTATIN CALCIUM,0.1619,0.2308,0.2184,-0.0565,False
CHEMBL1200380,ACYCLOVIR SODIUM,0.1149,0.1757,0.1714,-0.0565,False
CHEMBL1201341,ECHOTHIOPHATE,0.0789,0.1231,0.1356,-0.0566,False
CHEMBL1200359,SULFAMETER,0.1974,0.2388,0.254,-0.0566,False
CHEMBL1201752,IXABEPILONE,0.1261,0.1589,0.1827,-0.0566,False
CHEMBL1201776,TAPENTADOL,0.2027,0.2381,0.2593,-0.0566,False
CHEMBL1452696,FEPRAZONE,0.2192,0.2373,0.2759,-0.0567,False
CHEMBL440,THIAMYLAL,0.1124,0.137,0.169,-0.0567,False
CHEMBL1256786,FORMOTEROL,0.2099,0.2651,0.2667,-0.0568,False
CHEMBL1200389,BRIMONIDINE TARTRATE,0.1591,0.1932,0.2159,-0.0568,False
CHEMBL1363,ARFORMOTEROL,0.2099,0.2651,0.2667,-0.0568,False
CHEMBL770,TOLAZOLINE,0.1884,0.2,0.2453,-0.0569,False
CHEMBL3989949,CENOBAMATE,0.175,0.2179,0.2319,-0.0569,False
CHEMBL1747,TOBRAMYCIN,0.0989,0.1075,0.1558,-0.0569,False
CHEMBL2355839,ISOMETHEPTENE MUCATE,0.1,0.1549,0.1569,-0.0569,False
CHEMBL1230314,ESTETROL ANHYDROUS,0.175,0.1928,0.2319,-0.0569,False
CHEMBL1697737,CLOTIAZEPAM,0.2024,0.3,0.2593,-0.0569,False
CHEMBL1200678,ATAZANAVIR SULFATE,0.1981,0.2292,0.2551,-0.057,False
CHEMBL1200909,PREDNISOLONE TEBUTATE,0.1429,0.1474,0.2,-0.0571,False
CHEMBL1477036,DOCUSATE,0.1333,0.1282,0.1905,-0.0571,False
CHEMBL582,ISOPROPYL ALCOHOL,0.0678,0.1064,0.125,-0.0572,False
CHEMBL2103772,RACECADOTRIL,0.1928,0.2727,0.25,-0.0572,False
CHEMBL261772,MECLOCYCLINE SULFOSALICYLATE,0.129,0.1667,0.1863,-0.0572,False
CHEMBL2103822,TASIMELTEON,0.1744,0.2125,0.2317,-0.0573,False
CHEMBL1532,QUINETHAZONE,0.1183,0.1772,0.1757,-0.0574,False
CHEMBL1201051,CIMETIDINE HYDROCHLORIDE,0.1136,0.1461,0.1711,-0.0574,False
CHEMBL1237082,MECAMYLAMINE HYDROCHLORIDE,0.1039,0.1449,0.1613,-0.0574,False
CHEMBL2105275,PROPYLHEXEDRINE,0.12,0.2222,0.1774,-0.0574,False
CHEMBL1201033,IPODATE SODIUM,0.131,0.1757,0.1884,-0.0575,False
CHEMBL2068725,IPODATE CALCIUM,0.131,0.1757,0.1884,-0.0575,False
CHEMBL2110725,VINFLUNINE,0.1631,0.1811,0.2207,-0.0576,False
CHEMBL6067642,CODEINE PHOSPHATE,0.1828,0.2128,0.2404,-0.0576,False
CHEMBL3989677,HYDROCODONE BITARTRATE,0.1923,0.2371,0.25,-0.0577,False
CHEMBL1521,ZALEPLON,0.1957,0.2785,0.2533,-0.0577,False
CHEMBL1201348,MENADIOL DIPHOSPHORIC ACID,0.1538,0.2188,0.2115,-0.0577,False
CHEMBL516,CYPROHEPTADINE,0.1757,0.2295,0.2333,-0.0577,False
CHEMBL1472,PROTIRELIN,0.1714,0.2421,0.2292,-0.0577,False
CHEMBL447,SECOBARBITAL,0.1136,0.1389,0.1714,-0.0578,False
CHEMBL1201162,DORZOLAMIDE HYDROCHLORIDE,0.125,0.1707,0.1828,-0.0578,False
CHEMBL3707395,ELAFIBRANOR,0.1348,0.2838,0.1928,-0.0579,False
CHEMBL406,INDAPAMIDE,0.1979,0.2658,0.2558,-0.0579,False
CHEMBL1218,RAMELTEON,0.1889,0.2588,0.2468,-0.0579,False
CHEMBL1319139,BROMHEXINE HYDROCHLORIDE,0.1519,0.2055,0.2099,-0.058,False
CHEMBL902,FAMOTIDINE,0.0968,0.1456,0.1548,-0.058,False
CHEMBL2103738,LITHIUM CITRATE,0.0741,0.1094,0.1321,-0.058,False
CHEMBL3989822,POTASSIUM CITRATE,0.0741,0.1094,0.1321,-0.058,False
CHEMBL3127326,OMBITASVIR,0.2039,0.2791,0.2619,-0.058,False
CHEMBL3989766,ORITAVANCIN DIPHOSPHATE,0.1282,0.1723,0.1864,-0.0582,False
CHEMBL34259,METHOTREXATE,0.1735,0.2371,0.2317,-0.0582,False
CHEMBL1200802,TALBUTAL,0.1013,0.1268,0.1594,-0.0582,False
CHEMBL813,EPROSARTAN,0.1771,0.2151,0.2353,-0.0582,False
CHEMBL915,NEDOCROMIL SODIUM,0.1978,0.1839,0.2561,-0.0583,False
CHEMBL691,ETHINYL ESTRADIOL,0.1579,0.1818,0.2162,-0.0583,False
CHEMBL149972,PHENOBARBITAL SODIUM,0.15,0.1831,0.2083,-0.0583,False
CHEMBL515387,GOSOGLIPTIN,0.1889,0.2299,0.2472,-0.0583,False
CHEMBL1577,METHYCLOTHIAZIDE,0.1368,0.186,0.1951,-0.0583,False
CHEMBL218490,DORZOLAMIDE,0.1264,0.1728,0.1848,-0.0583,False
CHEMBL1076903,VARENICLINE,0.1507,0.1765,0.209,-0.0583,False
CHEMBL452231,TENIPOSIDE,0.1538,0.2018,0.2121,-0.0583,False
CHEMBL30,CIMETIDINE,0.1149,0.1477,0.1733,-0.0584,False
CHEMBL1139,EPOPROSTENOL,0.1333,0.1538,0.1918,-0.0584,False
CHEMBL1201057,CILASTATIN SODIUM,0.11,0.1489,0.1685,-0.0585,False
CHEMBL1200623,ETHYLESTRENOL,0.129,0.1548,0.1875,-0.0585,False
CHEMBL2095207,CHOLINE C-11,0.0615,0.0877,0.12,-0.0585,False
CHEMBL1201173,MEDRYSONE,0.1368,0.1613,0.1954,-0.0586,False
CHEMBL4650827,REVUMENIB,0.2167,0.2368,0.2752,-0.0586,False
CHEMBL476,DACARBAZINE,0.1447,0.1571,0.2034,-0.0587,False
CHEMBL2364608,DORAVIRINE,0.1818,0.2472,0.2405,-0.0587,False
CHEMBL253376,BROMHEXINE,0.1538,0.2083,0.2125,-0.0587,False
CHEMBL267936,MECAMYLAMINE,0.1053,0.1471,0.1639,-0.0587,False
CHEMBL1314,TIOPRONIN,0.1053,0.1667,0.1639,-0.0587,False
CHEMBL1201794,RIBOFLAVIN 5'-PHOSPHATE,0.1702,0.1895,0.2289,-0.0587,False
CHEMBL1615779,IOBENGUANE I 131,0.1733,0.2609,0.2321,-0.0588,False
CHEMBL16080,TRICHLOROETHANE,0.0484,0.1053,0.1071,-0.0588,False
CHEMBL1245,TRIMETHAPHAN CAMSYLATE,0.1765,0.1915,0.2353,-0.0588,False
CHEMBL1201119,LIOTHYRONINE SODIUM,0.1412,0.1818,0.2,-0.0588,False
CHEMBL1664,FOSAMPRENAVIR,0.1981,0.2162,0.2569,-0.0588,False
CHEMBL52440,DEXTROMETHORPHAN,0.2099,0.2754,0.2687,-0.0588,False
CHEMBL6068339,IRBESARTAN HYDROCHLORIDE,0.1939,0.2278,0.2526,-0.0588,False
CHEMBL1384,KANAMYCIN,0.1011,0.1099,0.16,-0.0589,False
CHEMBL2106975,POTASSIUM BICARBONATE,0.0702,0.0877,0.129,-0.0589,False
CHEMBL1908348,SPARTEINE SULFATE,0.1486,0.2,0.2075,-0.0589,False
CHEMBL1353,SODIUM BICARBONATE,0.0702,0.1034,0.129,-0.0589,False
CHEMBL416,METHOXSALEN,0.1757,0.1746,0.2346,-0.0589,False
CHEMBL4559134,SELPERCATINIB,0.1961,0.3,0.2551,-0.059,False
CHEMBL2221250,CAPREOMYCIN,0.1333,0.1507,0.1923,-0.059,False
CHEMBL3137318,TALAZOPARIB TOSYLATE,0.1667,0.2041,0.2258,-0.0591,False
CHEMBL1237099,DOXACURIUM CHLORIDE,0.1717,0.1954,0.2308,-0.0591,False
CHEMBL521686,OLAPARIB,0.2396,0.2688,0.2987,-0.0591,False
CHEMBL832,SULFINPYRAZONE,0.1667,0.2464,0.2258,-0.0591,False
CHEMBL2218913,CAPREOMYCIN SULFATE,0.1295,0.1467,0.1887,-0.0592,False
CHEMBL1201179,LAPATINIB DITOSYLATE,0.1885,0.2522,0.2477,-0.0592,False
CHEMBL1750,CLOFARABINE,0.129,0.1667,0.1882,-0.0592,False
CHEMBL1200549,RAPACURONIUM BROMIDE,0.1316,0.1496,0.1909,-0.0593,False
CHEMBL1515611,BROMISOVALUM,0.0946,0.1429,0.1538,-0.0593,False
CHEMBL178803,BLONANSERIN,0.2045,0.3158,0.2639,-0.0593,False
CHEMBL1513,IRBESARTAN,0.1959,0.2308,0.2553,-0.0594,False
CHEMBL2107430,FLUTRIMAZOLE,0.2093,0.2024,0.2687,-0.0594,False
CHEMBL1200617,RIMEXOLONE,0.134,0.1648,0.1935,-0.0595,False
CHEMBL2134724,IPRATROPIUM BROMIDE,0.2262,0.2105,0.2857,-0.0595,False
CHEMBL3989480,MAGNESIUM CITRATE,0.075,0.1094,0.1346,-0.0596,False
CHEMBL1463,FLUCYTOSINE,0.125,0.1429,0.1846,-0.0596,False
CHEMBL1355,SODIUM CITRATE,0.075,0.1094,0.1346,-0.0596,False
CHEMBL1200458,POTASSIUM CITRATE ANHYDROUS,0.075,0.1094,0.1346,-0.0596,False
CHEMBL1201170,LITHIUM CITRATE ANHYDROUS,0.075,0.1094,0.1346,-0.0596,False
CHEMBL557555,CIPROFIBRATE,0.1948,0.2174,0.2545,-0.0597,False
CHEMBL815,DINOPROST,0.1287,0.1461,0.1884,-0.0597,False
CHEMBL267345,AMPHOTERICIN B,0.1513,0.1513,0.2109,-0.0597,False
CHEMBL1201054,SELENOMETHIONINE SE 75,0.1127,0.1452,0.1724,-0.0597,False
CHEMBL28318,PROPYPHENAZONE,0.1644,0.2131,0.2241,-0.0598,False
CHEMBL991,STAVUDINE,0.1325,0.1625,0.1923,-0.0598,False
CHEMBL1201352,RAPACURONIUM,0.1327,0.1509,0.1927,-0.0599,False
CHEMBL1237123,DOXACURIUM,0.1735,0.1977,0.2333,-0.0599,False
CHEMBL1200805,DILTIAZEM MALATE,0.2258,0.2376,0.2857,-0.0599,False
CHEMBL1201863,DEXLANSOPRAZOLE,0.2128,0.2118,0.2727,-0.06,False
CHEMBL1201121,HETACILLIN POTASSIUM,0.1667,0.2179,0.2267,-0.06,False
CHEMBL1089318,OPICAPONE,0.1158,0.1685,0.1758,-0.06,False
CHEMBL480,LANSOPRAZOLE,0.2128,0.2118,0.2727,-0.06,False
CHEMBL2028852,ICATIBANT ACETATE,0.1548,0.2446,0.2149,-0.0601,False
CHEMBL2364574,DOXYCYCLINE CALCIUM,0.1226,0.1485,0.1828,-0.0602,False
CHEMBL1200648,ROCURONIUM BROMIDE,0.1455,0.1613,0.2056,-0.0602,False
CHEMBL2396661,ALPELISIB,0.1818,0.2812,0.2421,-0.0603,False
CHEMBL2105684,SELUMETINIB SULFATE,0.1607,0.2188,0.2212,-0.0604,False
CHEMBL711,PHENINDIONE,0.1351,0.1786,0.1957,-0.0605,False
CHEMBL1477,CERIVASTATIN,0.1667,0.2128,0.2273,-0.0606,False
CHEMBL1200699,DOXYCYCLINE,0.125,0.1509,0.1856,-0.0606,False
CHEMBL13376,CLOMETACIN,0.2317,0.2841,0.2923,-0.0606,False
CHEMBL1200622,PARICALCITOL,0.1078,0.1474,0.1685,-0.0607,False
CHEMBL1587,POLYTHIAZIDE,0.1415,0.1735,0.2022,-0.0607,False
CHEMBL1201244,ROCURONIUM,0.1468,0.1626,0.2075,-0.0608,False
CHEMBL1029,MIGLUSTAT,0.1467,0.2059,0.2075,-0.0609,False
CHEMBL2106732,NOSCAPINE HYDROCHLORIDE,0.2211,0.2472,0.2821,-0.061,False
CHEMBL1200578,THEOPHYLLINE SODIUM GLYCINATE,0.1463,0.1807,0.2073,-0.061,False
CHEMBL1200412,NANDROLONE PHENPROPIONATE,0.2105,0.2209,0.2717,-0.0612,False
CHEMBL2110588,ELIGLUSTAT,0.2245,0.2874,0.2857,-0.0612,False
CHEMBL2005186,BELUMOSUDIL,0.2083,0.299,0.2697,-0.0613,False
CHEMBL2105735,ASUNAPREVIR,0.1575,0.1938,0.2188,-0.0613,False
CHEMBL1433,DOXYCYCLINE ANHYDROUS,0.1262,0.1489,0.1875,-0.0613,False
CHEMBL1200670,SARALASIN ACETATE,0.1912,0.2705,0.2524,-0.0613,False
CHEMBL3181832,METHICILLIN SODIUM,0.1739,0.2267,0.2353,-0.0614,False
CHEMBL1200852,PENICILLIN V POTASSIUM,0.2,0.2857,0.2614,-0.0614,False
CHEMBL1200592,DESOXYCORTICOSTERONE PIVALATE,0.1429,0.1698,0.2043,-0.0614,False
CHEMBL1200914,TAMSULOSIN HYDROCHLORIDE,0.2386,0.3289,0.3,-0.0614,False
CHEMBL1200379,APRACLONIDINE HYDROCHLORIDE,0.1149,0.1471,0.1765,-0.0615,False
CHEMBL1201048,DROMOSTANOLONE PROPIONATE,0.1702,0.1852,0.2317,-0.0615,False
CHEMBL2104941,INDORAMIN HYDROCHLORIDE,0.3133,0.3939,0.375,-0.0617,False
CHEMBL707,DOXAZOSIN,0.2188,0.2872,0.2805,-0.0617,False
CHEMBL109,VALPROIC ACID,0.12,0.1607,0.1818,-0.0618,False
CHEMBL1511,ESTRADIOL VALERATE,0.172,0.2386,0.234,-0.062,False
CHEMBL296306,LACTULOSE,0.0941,0.1299,0.1562,-0.0621,False
CHEMBL1200561,DOXAZOSIN MESYLATE,0.2079,0.2857,0.27,-0.0621,False
CHEMBL408,TROGLITAZONE,0.2105,0.2021,0.2727,-0.0622,False
CHEMBL1200806,NAPROXEN SODIUM,0.209,0.339,0.2712,-0.0622,False
CHEMBL1237105,CARBOPROST TROMETHAMINE,0.1081,0.1684,0.1705,-0.0623,False
CHEMBL1201761,BESIFLOXACIN HYDROCHLORIDE,0.1961,0.2366,0.2584,-0.0623,False
CHEMBL361497,ARTESUNATE,0.1354,0.1512,0.1977,-0.0623,False
CHEMBL364713,NOSCAPINE,0.2234,0.25,0.2857,-0.0623,False
CHEMBL644,TRIMIPRAMINE,0.2055,0.2419,0.2679,-0.0624,False
CHEMBL1232,ERTAPENEM SODIUM,0.1905,0.2136,0.2529,-0.0624,False
CHEMBL1201202,FONDAPARINUX,0.0991,0.1282,0.1615,-0.0624,False
CHEMBL1621597,IPRATROPIUM,0.2317,0.2162,0.2941,-0.0624,False
CHEMBL1201329,TRIMETHAPHAN,0.2162,0.2667,0.2787,-0.0625,False
CHEMBL1201116,HETACILLIN,0.172,0.2267,0.2346,-0.0625,False
CHEMBL1202,CIPROFLOXACIN HYDROCHLORIDE,0.1875,0.2159,0.25,-0.0625,False
CHEMBL1200628,VANCOMYCIN HYDROCHLORIDE,0.125,0.1829,0.1875,-0.0625,False
CHEMBL1069,VALSARTAN,0.1979,0.2,0.2604,-0.0625,False
CHEMBL94,PHYSOSTIGMINE,0.1977,0.2442,0.2603,-0.0626,False
CHEMBL262777,VANCOMYCIN,0.1257,0.1837,0.1883,-0.0626,False
CHEMBL415606,DEGARELIX,0.1818,0.2366,0.2444,-0.0626,False
CHEMBL3989556,REMOXIPRIDE HYDROCHLORIDE,0.2667,0.3165,0.3293,-0.0626,False
CHEMBL4594231,IODOXAMATE MEGLUMINE,0.1373,0.1786,0.2,-0.0627,False
CHEMBL3989973,PEXIDARTINIB HYDROCHLORIDE,0.163,0.2421,0.2258,-0.0628,False
CHEMBL650,METHYLPREDNISOLONE,0.1546,0.1609,0.2174,-0.0628,False
CHEMBL1200862,METYROSINE,0.1692,0.2,0.2321,-0.0629,False
CHEMBL485,CODEINE,0.1771,0.2111,0.24,-0.0629,False
CHEMBL1200644,FONDAPARINUX SODIUM,0.1062,0.1316,0.1692,-0.063,False
CHEMBL5315122,BORTEZOMIB D-MANNITOL,0.1919,0.2059,0.2549,-0.063,False
CHEMBL3187985,APOMORPHINE HYDROCHLORIDE,0.1765,0.2439,0.2394,-0.063,False
CHEMBL131,PREDNISOLONE,0.1458,0.1556,0.2088,-0.063,False
CHEMBL3353410,OSIMERTINIB,0.1869,0.27,0.25,-0.0631,False
CHEMBL1111,AMBRISENTAN,0.175,0.2319,0.2381,-0.0631,False
CHEMBL1528134,BENZYDAMINE HYDROCHLORIDE,0.2436,0.2535,0.3067,-0.0631,False
CHEMBL1540,PENCICLOVIR,0.131,0.1644,0.194,-0.0631,False
CHEMBL1082407,ENZALUTAMIDE,0.1667,0.2476,0.2299,-0.0632,False
CHEMBL279516,INDORAMIN,0.3171,0.4,0.3803,-0.0632,False
CHEMBL361812,RAMATROBAN,0.2105,0.2561,0.2738,-0.0633,False
CHEMBL255044,FLUPIRTINE,0.2184,0.2821,0.2817,-0.0633,False
CHEMBL1614701,SELUMETINIB,0.1667,0.2283,0.23,-0.0633,False
CHEMBL1201760,BESIFLOXACIN,0.198,0.2391,0.2614,-0.0633,False
CHEMBL843,ROSIGLITAZONE MALEATE,0.25,0.2727,0.3134,-0.0634,False
CHEMBL1200883,THONZONIUM BROMIDE,0.2469,0.25,0.3103,-0.0634,False
CHEMBL1229517,VEMURAFENIB,0.1979,0.2644,0.2614,-0.0634,False
CHEMBL3813873,PEXIDARTINIB,0.1648,0.2447,0.2283,-0.0634,False
CHEMBL1231574,LEVOMEFOLIC ACID,0.181,0.2444,0.2444,-0.0635,False
CHEMBL647,APRACLONIDINE,0.1163,0.1493,0.18,-0.0637,False
CHEMBL1200542,DESOXYCORTICOSTERONE ACETATE,0.1474,0.1647,0.2111,-0.0637,False
CHEMBL2096646,AMINOSALICYLATE SODIUM,0.125,0.1803,0.1887,-0.0637,False
CHEMBL836,TAMSULOSIN,0.2414,0.3333,0.3051,-0.0637,False
CHEMBL8,CIPROFLOXACIN,0.1895,0.2184,0.2532,-0.0637,False
CHEMBL615,PENICILLIN V,0.2069,0.2973,0.2706,-0.0637,False
CHEMBL1201747,ALCAFTADINE,0.1724,0.2162,0.2361,-0.0637,False
CHEMBL211471,NEOSTIGMINE METHYLSULFATE,0.175,0.2361,0.2388,-0.0638,False
CHEMBL1072,BUMETANIDE,0.1798,0.2532,0.2436,-0.0638,False
CHEMBL2106638,LOFEPRAMINE HYDROCHLORIDE,0.2346,0.3288,0.2985,-0.0639,False
CHEMBL3707290,SOMAPACITAN,0.0977,0.1504,0.1617,-0.0639,False
CHEMBL1200381,ARGININE HYDROCHLORIDE,0.1125,0.2969,0.1765,-0.064,False
CHEMBL622,ETODOLAC,0.1556,0.1786,0.2195,-0.064,False
CHEMBL12610,BENZYDAMINE,0.2468,0.2571,0.3108,-0.0641,False
CHEMBL2095206,BOSUTINIB MONOHYDRATE,0.22,0.2857,0.2842,-0.0642,False
CHEMBL454,BUTALBITAL,0.0976,0.125,0.1618,-0.0642,False
CHEMBL2218917,CEVIMELINE HYDROCHLORIDE,0.1,0.1467,0.1642,-0.0642,False
CHEMBL288441,BOSUTINIB,0.22,0.2857,0.2842,-0.0642,False
CHEMBL2103802,DAPAGLIFLOZIN PROPANEDIOL,0.1771,0.2211,0.2414,-0.0643,False
CHEMBL2021422,FOSPROPOFOL DISODIUM,0.1392,0.2154,0.2037,-0.0645,False
CHEMBL91397,RUPATADINE,0.2021,0.2857,0.2667,-0.0645,False
CHEMBL1201746,PRALATREXATE,0.1416,0.236,0.2062,-0.0646,False
CHEMBL340978,BENOXAPROFEN,0.2118,0.2714,0.2763,-0.0646,False
CHEMBL566315,OBETICHOLIC ACID,0.1354,0.1739,0.2,-0.0646,False
CHEMBL2181927,FINERENONE,0.1979,0.2442,0.2626,-0.0647,False
CHEMBL3545059,ALISKIREN FUMARATE,0.1826,0.2766,0.2473,-0.0647,False
CHEMBL603,ZAFIRLUKAST,0.2,0.3085,0.2647,-0.0647,False
CHEMBL1329455,MOLSIDOMINE,0.2152,0.2237,0.28,-0.0648,False
CHEMBL681,ETOMIDATE,0.2209,0.2237,0.2857,-0.0648,False
CHEMBL372795,STREPTOMYCIN,0.1019,0.1121,0.1667,-0.0648,False
CHEMBL1229,OSELTAMIVIR,0.1705,0.2025,0.2353,-0.0648,False
CHEMBL22242,REMOXIPRIDE,0.2727,0.3247,0.3375,-0.0648,False
CHEMBL975,MESNA,0.0746,0.0986,0.1395,-0.0649,False
CHEMBL1200410,PROCARBAZINE HYDROCHLORIDE,0.2078,0.3016,0.2727,-0.0649,False
CHEMBL1200645,ETOPOSIDE PHOSPHATE,0.1441,0.2115,0.2091,-0.0649,False
CHEMBL2103830,FOSTAMATINIB,0.1786,0.1942,0.2435,-0.0649,False
CHEMBL6437,MIANSERIN,0.2078,0.2055,0.2727,-0.0649,False
CHEMBL349803,PIRETANIDE,0.2025,0.2877,0.2676,-0.0651,False
CHEMBL1201092,RIVASTIGMINE TARTRATE,0.1928,0.2593,0.2581,-0.0653,False
CHEMBL1482,BETHANECHOL,0.0986,0.1452,0.1639,-0.0653,False
CHEMBL139367,PERAMIVIR ANHYDROUS,0.1444,0.1548,0.2099,-0.0654,False
CHEMBL1170,TESTOSTERONE PROPIONATE,0.1505,0.1829,0.2159,-0.0654,False
CHEMBL4299851,PIFLUFOLASTAT,0.1978,0.2824,0.2632,-0.0654,False
CHEMBL4297334,PIFLUFOLASTAT F18,0.1978,0.2824,0.2632,-0.0654,False
CHEMBL87708,LOFEPRAMINE,0.2375,0.3333,0.303,-0.0655,False
CHEMBL1200584,AMINOSALICYLATE POTASSIUM,0.1268,0.1833,0.1923,-0.0655,False
CHEMBL159226,MOXISYLYTE,0.2308,0.3438,0.2963,-0.0655,False
CHEMBL585,TRIAMTERENE,0.125,0.197,0.1905,-0.0655,False
CHEMBL877,TRANEXAMIC ACID,0.1304,0.1719,0.1961,-0.0656,False
CHEMBL1095,ETHOTOIN,0.1892,0.2286,0.2549,-0.0657,False
CHEMBL53,APOMORPHINE,0.1807,0.2346,0.2464,-0.0657,False
CHEMBL1443,NAFCILLIN,0.1875,0.284,0.2532,-0.0657,False
CHEMBL85231,MEDIFOXAMINE,0.25,0.3529,0.3158,-0.0658,False
CHEMBL3311228,OTESECONAZOLE,0.1649,0.2418,0.2308,-0.0658,False
CHEMBL979,MEPROBAMATE,0.0964,0.1719,0.1622,-0.0658,False
CHEMBL30219,METHOHEXITAL SODIUM,0.0928,0.1412,0.1585,-0.0658,False
CHEMBL1688530,ORITAVANCIN,0.125,0.1749,0.1908,-0.0658,False
CHEMBL1201322,THONZONIUM,0.25,0.2537,0.3158,-0.0658,False
CHEMBL3833388,PRAJMALIUM BITARTRATE,0.1389,0.1905,0.2048,-0.0659,False
CHEMBL1200810,DOXERCALCIFEROL,0.1078,0.1512,0.1739,-0.0661,False
CHEMBL307261,ARTENIMOL,0.0909,0.1209,0.1571,-0.0662,False
CHEMBL2096648,UREA C 13,0.069,0.1081,0.1351,-0.0662,False
CHEMBL2107175,RANELIC ACID,0.1067,0.1622,0.1728,-0.0662,False
CHEMBL985,UREA,0.069,0.1081,0.1351,-0.0662,False
CHEMBL2105682,EDOXABAN TOSYLATE,0.2018,0.2364,0.2683,-0.0665,False
CHEMBL752,ADENOSINE PHOSPHATE,0.1383,0.1765,0.2048,-0.0665,False
CHEMBL1201080,TRIMETHOPRIM HYDROCHLORIDE,0.1687,0.2051,0.2353,-0.0666,False
CHEMBL489411,AMOROLFINE,0.1758,0.2162,0.2424,-0.0666,False
CHEMBL1589,ACETOHEXAMIDE,0.2237,0.2564,0.2903,-0.0666,False
CHEMBL1269025,EDOXABAN,0.2233,0.25,0.29,-0.0667,False
CHEMBL3545068,COPANLISIB HYDROCHLORIDE,0.27,0.3,0.3367,-0.0667,False
CHEMBL7863,APROBARBITAL,0.1,0.1159,0.1667,-0.0667,False
CHEMBL806,FLUTAMIDE,0.1765,0.2911,0.2432,-0.0668,False
CHEMBL168815,CEVIMELINE,0.1026,0.1507,0.1695,-0.0669,False
CHEMBL1908919,FLORBETAPIR,0.1236,0.2237,0.1905,-0.0669,False
CHEMBL1774461,FLORBETAPIR F 18,0.1236,0.2237,0.1905,-0.0669,False
CHEMBL1359,ERTAPENEM,0.198,0.21,0.2651,-0.067,False
CHEMBL3261331,RESMETIROM,0.1284,0.172,0.1954,-0.067,False
CHEMBL3833311,DEXTROMORAMIDE TARTRATE,0.2093,0.2326,0.2763,-0.067,False
CHEMBL1201011,QUINAPRIL HYDROCHLORIDE,0.2021,0.2414,0.2692,-0.0671,False
CHEMBL1201075,IOXILAN,0.117,0.1884,0.1842,-0.0672,False
CHEMBL548,DINOPROSTONE,0.1471,0.1538,0.2143,-0.0672,False
CHEMBL19,METHAZOLAMIDE,0.1294,0.16,0.1967,-0.0673,False
CHEMBL1321,PROCARBAZINE,0.2105,0.3065,0.2778,-0.0673,False
CHEMBL2062266,DIHYDROCODEINE BITARTRATE,0.1875,0.2308,0.2549,-0.0674,False
CHEMBL727,THIOGUANINE,0.0897,0.1846,0.1571,-0.0674,False
CHEMBL3358920,ETRASIMOD,0.2,0.2577,0.2674,-0.0674,False
CHEMBL1200400,AZATHIOPRINE SODIUM,0.1064,0.1505,0.1739,-0.0675,False
CHEMBL3218576,COPANLISIB,0.2727,0.3034,0.3402,-0.0675,False
CHEMBL1237122,CARBOPROST,0.1154,0.1685,0.1831,-0.0677,False
CHEMBL3989517,IOFLUPANE I 123,0.1954,0.2299,0.2632,-0.0678,False
CHEMBL230158,SELADELPAR,0.1961,0.3291,0.2639,-0.0678,False
CHEMBL1200725,SERTACONAZOLE NITRATE,0.1927,0.2632,0.2604,-0.0678,False
CHEMBL1341,METHOXYFLURANE,0.0685,0.1167,0.1364,-0.0679,False
CHEMBL812,PYRIDOSTIGMINE BROMIDE,0.1594,0.197,0.2273,-0.0679,False
CHEMBL1660,RIFAPENTINE,0.1304,0.1716,0.1985,-0.068,False
CHEMBL1550,PHYTONADIONE,0.1379,0.1852,0.2059,-0.068,False
CHEMBL222559,TIPRANAVIR,0.2137,0.2476,0.2818,-0.0681,False
CHEMBL15870,INDOPROFEN,0.2152,0.2632,0.2833,-0.0681,False
CHEMBL22,TRIMETHOPRIM,0.1707,0.2078,0.2388,-0.0681,False
CHEMBL1256391,PIRFENIDONE,0.1912,0.2679,0.2593,-0.0681,False
CHEMBL1737,SILDENAFIL CITRATE,0.177,0.2222,0.2451,-0.0681,False
CHEMBL36,PYRIMETHAMINE,0.1867,0.2742,0.2549,-0.0682,False
CHEMBL3545062,VELPATASVIR,0.1667,0.188,0.2348,-0.0682,False
CHEMBL504,DIMETHYL SULFOXIDE,0.0317,0.0909,0.1,-0.0683,False
CHEMBL1201180,DICLOFENAC EPOLAMINE,0.2333,0.3165,0.3016,-0.0683,False
CHEMBL2028987,DEGARELIX ACETATE,0.1795,0.24,0.2478,-0.0683,False
CHEMBL534,KETOTIFEN,0.1786,0.2254,0.2469,-0.0683,False
CHEMBL916,TIROFIBAN,0.2079,0.2674,0.2763,-0.0684,False
CHEMBL1100,PARAMETHADIONE,0.1316,0.1471,0.2,-0.0684,False
CHEMBL1592,QUINAPRIL,0.2043,0.2442,0.2727,-0.0684,False
CHEMBL1200980,ESTROPIPATE,0.1683,0.1905,0.2368,-0.0685,False
CHEMBL1619,CLADRIBINE,0.1364,0.1829,0.2048,-0.0685,False
CHEMBL827,DEXMETHYLPHENIDATE,0.2192,0.2727,0.2877,-0.0685,False
CHEMBL1279,FROVATRIPTAN,0.2069,0.2647,0.2754,-0.0685,False
CHEMBL796,METHYLPHENIDATE,0.2192,0.2727,0.2877,-0.0685,False
CHEMBL290916,EDARAVONE,0.1714,0.2167,0.24,-0.0686,False
CHEMBL48449,CANTHARIDIN,0.12,0.1385,0.1887,-0.0687,False
CHEMBL1208642,THIOSULFURIC ACID,0.0476,0.0877,0.1163,-0.0687,False
CHEMBL162036,BENORILATE,0.2025,0.2787,0.2712,-0.0687,False
CHEMBL2105759,BARICITINIB,0.1386,0.1776,0.2073,-0.0687,False
CHEMBL108,CARBAMAZEPINE,0.1389,0.1724,0.2075,-0.0687,False
CHEMBL3189072,TIROFIBAN HYDROCHLORIDE,0.2039,0.2614,0.2727,-0.0688,False
CHEMBL1201163,SUFENTANIL CITRATE,0.2121,0.2474,0.2809,-0.0688,False
CHEMBL922,ADEFOVIR DIPIVOXIL,0.1333,0.1798,0.2022,-0.0689,False
CHEMBL46286,OMACETAXINE MEPESUCCINATE,0.181,0.24,0.25,-0.069,False
CHEMBL2364635,TAFENOQUINE SUCCINATE,0.1681,0.2424,0.2371,-0.069,False
CHEMBL1568276,NAFCILLIN SODIUM,0.1748,0.2738,0.2439,-0.0691,False
CHEMBL1200479,DICYCLOMINE HYDROCHLORIDE,0.1512,0.2381,0.2203,-0.0692,False
CHEMBL9,NORFLOXACIN,0.1839,0.2529,0.2532,-0.0693,False
CHEMBL1201204,CEFPIRAMIDE,0.1825,0.1983,0.2518,-0.0693,False
CHEMBL1467,ALLOPURINOL,0.1081,0.1333,0.1774,-0.0693,False
CHEMBL1200714,CHLORMEZANONE,0.1974,0.2903,0.2667,-0.0693,False
CHEMBL1614,DESLANOSIDE,0.1322,0.1418,0.2016,-0.0693,False
CHEMBL3989511,IOBENGUANE SULFATE I 131,0.1772,0.2603,0.2468,-0.0695,False
CHEMBL4101807,VOXELOTOR,0.163,0.2143,0.2326,-0.0695,False
CHEMBL3989523,IOBENGUANE SULFATE I 123,0.1772,0.2714,0.2468,-0.0695,False
CHEMBL1200343,PERINDOPRIL ERBUMINE,0.1538,0.2,0.2234,-0.0696,False
CHEMBL1221,SULCONAZOLE,0.2088,0.2658,0.2785,-0.0697,False
CHEMBL2028850,ICATIBANT,0.1486,0.25,0.2183,-0.0697,False
CHEMBL810,TEMOZOLOMIDE,0.1358,0.1625,0.2055,-0.0697,False
CHEMBL1023,BEXAROTENE,0.1646,0.2338,0.2344,-0.0698,False
CHEMBL2106441,NOXYTIOLIN,0.0759,0.1167,0.1458,-0.0699,False
CHEMBL3544974,ASENAPINE MALEATE,0.2118,0.2571,0.2817,-0.0699,False
CHEMBL135,ESTRADIOL,0.1585,0.2045,0.2286,-0.07,False
CHEMBL773,GLYCINE,0.0862,0.1538,0.1562,-0.07,False
CHEMBL1723241,SULFACETAMIDE SODIUM,0.1299,0.1644,0.2,-0.0701,False
CHEMBL561157,TREPROSTINIL SODIUM,0.156,0.1889,0.2262,-0.0702,False
CHEMBL1200471,PYRITHIONE ZINC,0.1139,0.1154,0.1842,-0.0703,False
CHEMBL328560,SULTHIAME,0.1519,0.1791,0.2222,-0.0703,False
CHEMBL4650485,PIRTOBRUTINIB,0.217,0.2872,0.2872,-0.0703,False
CHEMBL2048028,LIFITEGRAST,0.2051,0.2212,0.2755,-0.0704,False
CHEMBL4297064,MILNACIPRAN HYDROCHLORIDE,0.1928,0.2338,0.2632,-0.0704,False
CHEMBL2105732,LEVOMILNACIPRAN HYDROCHLORIDE,0.1928,0.2338,0.2632,-0.0704,False
CHEMBL1715,PIOGLITAZONE HYDROCHLORIDE,0.2235,0.2658,0.2941,-0.0706,False
CHEMBL19449,IBUDILAST,0.1688,0.2152,0.2394,-0.0706,False
CHEMBL2103868,CABOZANTINIB S-MALATE,0.2079,0.2921,0.2785,-0.0706,False
CHEMBL1082,AMOXICILLIN,0.1579,0.1728,0.2286,-0.0707,False
CHEMBL539423,SPARSENTAN,0.1525,0.2018,0.2232,-0.0707,False
CHEMBL1115,PYRIDOSTIGMINE,0.1618,0.2,0.2326,-0.0708,False
CHEMBL1237061,PITAVASTATIN CALCIUM,0.1942,0.2738,0.2651,-0.0709,False
CHEMBL4113131,ENSARTINIB,0.2079,0.2451,0.2788,-0.0709,False
CHEMBL3989923,PITAVASTATIN MAGNESIUM,0.1942,0.2738,0.2651,-0.0709,False
CHEMBL3989920,PITAVASTATIN SODIUM,0.1942,0.2892,0.2651,-0.0709,False
CHEMBL1200859,ISOSULFAN BLUE,0.1368,0.186,0.2078,-0.071,False
CHEMBL2105675,TAFAMIDIS MEGLUMINE,0.1789,0.2593,0.25,-0.0711,False
CHEMBL1123,DICYCLOMINE,0.1529,0.2419,0.2241,-0.0712,False
CHEMBL1431,METFORMIN,0.0714,0.1067,0.1429,-0.0714,False
CHEMBL3989921,NERATINIB MALEATE,0.1667,0.2991,0.2381,-0.0714,False
CHEMBL3989402,PERAMIVIR,0.1429,0.1529,0.2143,-0.0714,False
CHEMBL1200891,OXYPHENCYCLIMINE HYDROCHLORIDE,0.2143,0.2651,0.2857,-0.0714,False
CHEMBL1719,OLOPATADINE HYDROCHLORIDE,0.1978,0.25,0.2692,-0.0714,False
CHEMBL1675,VITAMIN A PALMITATE,0.1165,0.1489,0.1882,-0.0717,False
CHEMBL1639,ALISKIREN,0.1927,0.2809,0.2644,-0.0717,False
CHEMBL2103844,PIXANTRONE DIMALEATE,0.1489,0.1928,0.2208,-0.0718,False
CHEMBL436,TOLRESTAT,0.1818,0.2763,0.2537,-0.0719,False
CHEMBL1065,METHYSERGIDE,0.1753,0.2069,0.2472,-0.0719,False
CHEMBL1201275,ISOSULFAN BLUE INNER SALT,0.1354,0.1839,0.2073,-0.0719,False
CHEMBL1200354,SODIUM TETRADECYL SULFATE,0.1209,0.1299,0.193,-0.0721,False
CHEMBL1200661,UNOPROSTONE ISOPROPYL,0.1154,0.1458,0.1875,-0.0721,False
CHEMBL1604,CEPHRADINE,0.1546,0.1596,0.2269,-0.0723,False
CHEMBL3039596,FOSINOPRIL SODIUM,0.1748,0.23,0.2471,-0.0723,False
CHEMBL595,PIOGLITAZONE,0.2262,0.2692,0.2985,-0.0723,False
CHEMBL3184791,STREPTOMYCIN SULFATE,0.0982,0.1081,0.1705,-0.0723,False
CHEMBL1201027,GLYCOPYRRONIUM BROMIDE,0.1899,0.2152,0.2623,-0.0724,False
CHEMBL46058,ETHYL CHLORIDE,0.0526,0.082,0.125,-0.0724,False
CHEMBL1159,PINACIDIL ANHYDROUS,0.1304,0.2239,0.2029,-0.0725,False
CHEMBL1200338,PINACIDIL,0.1304,0.2239,0.2029,-0.0725,False
CHEMBL1200539,CALCIUM CARBONATE,0.0556,0.0893,0.1282,-0.0726,False
CHEMBL259209,MILNACIPRAN,0.1951,0.2368,0.2679,-0.0727,False
CHEMBL1189432,OLOPATADINE,0.2,0.253,0.2727,-0.0727,False
CHEMBL1126,PENICILLIN G SODIUM,0.1979,0.2703,0.2706,-0.0727,False
CHEMBL99946,LEVOMILNACIPRAN,0.1951,0.2368,0.2679,-0.0727,False
CHEMBL1223,PENICILLIN G POTASSIUM,0.1979,0.2703,0.2706,-0.0727,False
CHEMBL2107825,TENOFOVIR ALAFENAMIDE,0.1683,0.2258,0.2411,-0.0728,False
CHEMBL1622,FOLIC ACID,0.1481,0.25,0.2209,-0.0728,False
CHEMBL1096146,PONESIMOD,0.1714,0.268,0.2442,-0.0728,False
CHEMBL1201101,TESTOSTERONE CYPIONATE,0.1456,0.1935,0.2184,-0.0728,False
CHEMBL1200334,MORICIZINE HYDROCHLORIDE,0.2283,0.3448,0.3011,-0.0728,False
CHEMBL443052,TAVABOROLE,0.1772,0.1831,0.25,-0.0728,False
CHEMBL3181841,RAMOSETRON HYDROCHLORIDE,0.1771,0.2299,0.25,-0.0729,False
CHEMBL1334033,PERHEXILINE MALEATE,0.1325,0.169,0.2055,-0.0729,False
CHEMBL3989861,DESVENLAFAXINE FUMARATE,0.1807,0.2143,0.2537,-0.073,False
CHEMBL1560,CAPTOPRIL,0.1507,0.1884,0.2237,-0.073,False
CHEMBL2104415,MOXIDECTIN,0.124,0.1343,0.1971,-0.073,False
CHEMBL1495,OXYPHENCYCLIMINE,0.2169,0.2683,0.2899,-0.073,False
CHEMBL1447476,BITHIONOLATE SODIUM,0.1,0.1385,0.1731,-0.0731,False
CHEMBL1098285,DISTIGMINE BROMIDE,0.1622,0.2,0.2353,-0.0731,False
CHEMBL1089221,BENDAZAC,0.2237,0.2917,0.2969,-0.0732,False
CHEMBL4297517,MAVACAMTEN,0.1667,0.2329,0.24,-0.0733,False
CHEMBL270190,ALVIMOPAN,0.2316,0.2619,0.3049,-0.0733,False
CHEMBL1358,FULVESTRANT,0.1228,0.1947,0.1961,-0.0733,False
CHEMBL3545063,OSIMERTINIB MESYLATE,0.1875,0.2596,0.2609,-0.0734,False
CHEMBL2095211,LORCASERIN HYDROCHLORIDE,0.1944,0.2951,0.2679,-0.0734,False
CHEMBL1096885,VALRUBICIN,0.1462,0.1789,0.2195,-0.0734,False
CHEMBL995,LOSARTAN POTASSIUM,0.1702,0.2045,0.2436,-0.0734,False
CHEMBL315838,ENCAINIDE,0.275,0.4167,0.3485,-0.0735,False
CHEMBL204656,ELVITEGRAVIR,0.1765,0.2333,0.25,-0.0735,False
CHEMBL1795071,RUXOLITINIB PHOSPHATE,0.1792,0.2,0.2527,-0.0735,False
CHEMBL1075,MORICIZINE,0.2308,0.3488,0.3043,-0.0736,False
CHEMBL3833389,DEXTROMORAMIDE,0.2222,0.2469,0.2958,-0.0736,False
CHEMBL1581,PERINDOPRIL,0.1529,0.2073,0.2267,-0.0737,False
CHEMBL4303214,FRUQUINTINIB,0.1979,0.25,0.2717,-0.0738,False
CHEMBL3084748,TROSPIUM CHLORIDE,0.1948,0.2208,0.2687,-0.0739,False
CHEMBL14,CARBACHOL,0.0959,0.1455,0.1698,-0.0739,False
CHEMBL2079587,STANOZOLOL,0.1429,0.1579,0.2169,-0.074,False
CHEMBL3348923,TOVORAFENIB,0.1524,0.2088,0.2264,-0.074,False
CHEMBL1256842,NOMIFENSINE MALEATE,0.1882,0.2394,0.2623,-0.0741,False
CHEMBL818,IOBENGUANE,0.1579,0.2609,0.2321,-0.0742,False
CHEMBL1409,FLUVOXAMINE MALEATE,0.1758,0.2821,0.25,-0.0742,False
CHEMBL1237135,MAPROTILINE HYDROCHLORIDE,0.1364,0.2113,0.2105,-0.0742,False
CHEMBL43128,PRIMAQUINE PHOSPHATE,0.1932,0.3026,0.2674,-0.0743,False
CHEMBL1073,GLIPIZIDE,0.2366,0.3377,0.3108,-0.0743,False
CHEMBL1252,ABARELIX,0.1623,0.2398,0.2366,-0.0743,False
CHEMBL1643895,RAMOSETRON,0.1789,0.2326,0.2533,-0.0744,False
CHEMBL1615369,DABIGATRAN ETEXILATE MESYLATE,0.1653,0.2222,0.2397,-0.0744,False
CHEMBL1200614,IOVERSOL,0.1042,0.1471,0.1786,-0.0744,False
CHEMBL1201335,GLYCOPYRRONIUM,0.1923,0.2179,0.2667,-0.0744,False
CHEMBL1644,CEFADROXIL,0.18,0.1829,0.2544,-0.0744,False
CHEMBL983,SUCCINYLCHOLINE CHLORIDE,0.0986,0.1481,0.1731,-0.0745,False
CHEMBL3948730,UMBRALISIB,0.2124,0.2404,0.287,-0.0746,False
CHEMBL1789941,RUXOLITINIB,0.1667,0.1889,0.2414,-0.0747,False
CHEMBL191,LOSARTAN,0.172,0.2069,0.2468,-0.0747,False
CHEMBL1200514,DEMECARIUM BROMIDE,0.1625,0.2286,0.2373,-0.0748,False
CHEMBL3545376,ERDAFITINIB,0.1837,0.2614,0.2584,-0.0748,False
CHEMBL867,IOPANOIC ACID,0.1163,0.2029,0.1912,-0.0749,False
CHEMBL1201753,PITAVASTATIN,0.2,0.284,0.275,-0.075,False
CHEMBL500576,TEMOPORFIN,0.1412,0.2025,0.2162,-0.075,False
CHEMBL180022,NERATINIB,0.1724,0.2857,0.2475,-0.0751,False
CHEMBL522038,XIMELAGATRAN,0.2136,0.2447,0.2887,-0.0751,False
CHEMBL1356238,PYRITHIONE,0.1013,0.1176,0.1765,-0.0752,False
CHEMBL1480987,CYCLANDELATE,0.1975,0.2125,0.2727,-0.0752,False
CHEMBL1200774,FLUPREDNISOLONE,0.1531,0.1591,0.2283,-0.0752,False
CHEMBL1434513,NOREPINEPHRINE BITARTRATE,0.1429,0.2029,0.2182,-0.0753,False
CHEMBL1724,MEPENZOLATE BROMIDE,0.1974,0.2237,0.2727,-0.0754,False
CHEMBL44657,ETOPOSIDE,0.1468,0.21,0.2222,-0.0754,False
CHEMBL1888176,TROSPIUM,0.1974,0.2237,0.2727,-0.0754,False
CHEMBL360328,LORCASERIN,0.1972,0.3,0.2727,-0.0755,False
CHEMBL1199307,DISTIGMINE,0.1644,0.2031,0.24,-0.0756,False
CHEMBL1200703,CHLORDIAZEPOXIDE HYDROCHLORIDE,0.1744,0.2093,0.25,-0.0756,False
CHEMBL4297592,AMENAMEVIR,0.1875,0.2614,0.2632,-0.0757,False
CHEMBL1198857,VILANTEROL,0.1402,0.2125,0.2159,-0.0757,False
CHEMBL2107253,SULFADIMETHOXINE SODIUM,0.1364,0.1951,0.2121,-0.0758,False
CHEMBL1874750,CINEPAZIDE,0.2099,0.2561,0.2857,-0.0758,False
CHEMBL1200341,INDECAINIDE HYDROCHLORIDE,0.1548,0.2237,0.2308,-0.076,False
CHEMBL4650220,ZAVEGEPANT HYDROCHLORIDE,0.2222,0.2692,0.2982,-0.076,False
CHEMBL3989845,IMIPRAMINE PAMOATE,0.1915,0.2593,0.2674,-0.076,False
CHEMBL254328,ABIRATERONE,0.1648,0.2353,0.241,-0.0761,False
CHEMBL3039598,FOSINOPRIL,0.18,0.2371,0.2561,-0.0761,False
CHEMBL89598,VIGABATRIN,0.0946,0.125,0.1707,-0.0761,False
CHEMBL4802240,FOSCARBIDOPA,0.1739,0.2267,0.25,-0.0761,False
CHEMBL29,PENICILLIN G,0.2043,0.2817,0.2805,-0.0762,False
CHEMBL1200321,SULFISOXAZOLE DIOLAMINE,0.1461,0.209,0.2222,-0.0762,False
CHEMBL4298138,REPOTRECTINIB,0.1856,0.2421,0.2619,-0.0763,False
CHEMBL951,IOPHENDYLATE,0.1556,0.2208,0.2319,-0.0763,False
CHEMBL1200930,RABEPRAZOLE SODIUM,0.1354,0.1905,0.2118,-0.0763,False
CHEMBL1201124,KETOROLAC TROMETHAMINE,0.2024,0.2603,0.2787,-0.0763,False
CHEMBL1200899,TYROPANOATE SODIUM,0.1263,0.2051,0.2027,-0.0764,False
CHEMBL21731,MAPROTILINE,0.1379,0.2143,0.2143,-0.0764,False
CHEMBL1201728,DESVENLAFAXINE SUCCINATE,0.1852,0.2195,0.2615,-0.0764,False
CHEMBL1446650,MEBEVERINE HYDROCHLORIDE,0.236,0.3377,0.3125,-0.0765,False
CHEMBL1201046,CEFORANIDE,0.1638,0.1875,0.2403,-0.0765,False
CHEMBL703,SUXAMETHONIUM,0.1,0.1509,0.1765,-0.0765,False
CHEMBL1201141,IBUPROFEN LYSINE,0.1687,0.2192,0.2453,-0.0766,False
CHEMBL24924,FLUINDIONE,0.169,0.2143,0.2456,-0.0766,False
CHEMBL329522,EXIFONE,0.1233,0.1724,0.2,-0.0767,False
CHEMBL1963683,TAFLUPROST,0.1636,0.2255,0.2404,-0.0767,False
CHEMBL2397415,ZAVEGEPANT,0.2241,0.2718,0.3009,-0.0767,False
CHEMBL1185,ZOLMITRIPTAN,0.1829,0.2118,0.2597,-0.0768,False
CHEMBL58323,LACOSAMIDE,0.1974,0.3043,0.2742,-0.0768,False
CHEMBL1201229,DEMECARIUM,0.1646,0.2319,0.2414,-0.0768,False
CHEMBL539697,DABIGATRAN ETEXILATE,0.1709,0.2212,0.2479,-0.0769,False
CHEMBL524004,MEPENZOLATE,0.2,0.2267,0.2769,-0.0769,False
CHEMBL1200880,DIPHEMANIL METHYLSULFATE,0.1772,0.2254,0.2542,-0.077,False
CHEMBL428880,CROMOLYN,0.2405,0.2838,0.3175,-0.077,False
CHEMBL227875,PRETOMANID,0.2024,0.2963,0.2794,-0.077,False
CHEMBL2218878,TRIMETREXATE GLUCURONATE,0.1782,0.2268,0.2553,-0.0771,False
CHEMBL1091250,INDIGOTINDISULFONATE,0.1325,0.1548,0.2097,-0.0771,False
CHEMBL75880,PERHEXILINE,0.1169,0.1471,0.194,-0.0771,False
CHEMBL451,CHLORDIAZEPOXIDE,0.1765,0.2118,0.2535,-0.0771,False
CHEMBL1274,NILUTAMIDE,0.1573,0.2,0.2346,-0.0773,False
CHEMBL1201745,CHOLINE FENOFIBRATE,0.1829,0.25,0.2603,-0.0773,False
CHEMBL5314934,VANZACAFTOR,0.1638,0.1897,0.2414,-0.0776,False
CHEMBL5314382,PASIREOTIDE PAMOATE,0.2074,0.2584,0.285,-0.0776,False
CHEMBL5314366,ESOMEPRAZOLE MAGNESIUM,0.1868,0.2471,0.2644,-0.0776,False
CHEMBL3707320,ALECTINIB HYDROCHLORIDE,0.1845,0.2736,0.2621,-0.0777,False
CHEMBL1764,LEVOMEPROMAZINE,0.2222,0.2754,0.3,-0.0778,False
CHEMBL1251,GANIRELIX,0.1745,0.25,0.2523,-0.0778,False
CHEMBL282121,MEBEVERINE,0.2386,0.3421,0.3165,-0.0778,False
CHEMBL3317857,VABORBACTAM,0.186,0.2297,0.2639,-0.0778,False
CHEMBL1200778,DEXRAZOXANE HYDROCHLORIDE,0.1467,0.16,0.2245,-0.0778,False
CHEMBL1208646,THEOPHYLLINE GLYCINATE,0.15,0.1875,0.2278,-0.0778,False
CHEMBL3989871,AVACOPAN,0.2264,0.3196,0.3043,-0.0779,False
CHEMBL1200438,TIOCONAZOLE,0.1959,0.2471,0.2738,-0.0779,False
CHEMBL2103837,TAFAMIDIS,0.1818,0.2727,0.2597,-0.0779,False
CHEMBL1200853,DYDROGESTERONE,0.1319,0.1562,0.2099,-0.078,False
CHEMBL1199324,FOSAPREPITANT,0.2281,0.24,0.3061,-0.0781,False
CHEMBL5,NALIDIXIC ACID,0.1786,0.2188,0.2568,-0.0782,False
CHEMBL1200659,ENALAPRIL MALEATE,0.2135,0.2651,0.2917,-0.0782,False
CHEMBL898,DIFLUNISAL,0.1757,0.25,0.254,-0.0783,False
CHEMBL91,MICONAZOLE,0.1957,0.2561,0.274,-0.0783,False
CHEMBL3833301,BARBEXACLONE,0.1684,0.2192,0.2468,-0.0783,False
CHEMBL3989869,UMBRALISIB TOSYLATE,0.2097,0.2679,0.288,-0.0783,False
CHEMBL542541,HYDRALAZINE HYDROCHLORIDE,0.1286,0.2,0.2069,-0.0783,False
CHEMBL566534,ARTEMETHER,0.1011,0.1429,0.1795,-0.0784,False
CHEMBL1611,PHENYTOIN SODIUM,0.137,0.1571,0.2154,-0.0784,False
CHEMBL1738797,ALECTINIB,0.1863,0.2762,0.2647,-0.0784,False
CHEMBL181,DIAZOXIDE,0.1558,0.2154,0.2344,-0.0785,False
CHEMBL4303525,OMAVELOXOLONE,0.1339,0.2124,0.2124,-0.0785,False
CHEMBL2338329,ROXADUSTAT,0.1954,0.2976,0.274,-0.0786,False
CHEMBL64391,ITRACONAZOLE,0.1913,0.2523,0.27,-0.0787,False
CHEMBL2110816,BUTRIPTYLINE,0.1892,0.254,0.2679,-0.0787,False
CHEMBL1201242,INDECAINIDE,0.1566,0.2267,0.2353,-0.0787,False
CHEMBL1536,ERGOCALCIFEROL,0.099,0.1412,0.1778,-0.0788,False
CHEMBL498847,SECNIDAZOLE,0.1711,0.1711,0.25,-0.0789,False
CHEMBL1742471,EBROTIDINE,0.1078,0.1977,0.1868,-0.079,False
CHEMBL1200759,ANAGRELIDE HYDROCHLORIDE,0.1463,0.1757,0.2254,-0.079,False
CHEMBL799,CILOSTAZOL,0.1818,0.2553,0.2609,-0.0791,False
CHEMBL3301598,FOSTEMSAVIR TROMETHAMINE,0.1835,0.2233,0.2626,-0.0791,False
CHEMBL4802130,BELUMOSUDIL MESYLATE,0.2,0.2872,0.2791,-0.0791,False
CHEMBL658,SUFENTANIL,0.2333,0.2727,0.3125,-0.0792,False
CHEMBL189171,ACEMETACIN,0.1978,0.2619,0.2771,-0.0793,False
CHEMBL965,CARBAMOYLCHOLINE,0.0938,0.1481,0.1731,-0.0793,False
CHEMBL1200821,PROPYLIODONE,0.141,0.1918,0.2203,-0.0793,False
CHEMBL1094966,PIRBUTEROL,0.1235,0.194,0.2029,-0.0794,False
CHEMBL2362410,LANDIOLOL HYDROCHLORIDE,0.2427,0.2366,0.3222,-0.0795,False
CHEMBL1200455,IOHEXOL,0.1176,0.1566,0.1972,-0.0795,False
CHEMBL821,GUANIDINE,0.0455,0.0877,0.125,-0.0795,False
CHEMBL1518,PROPYLTHIOURACIL,0.1205,0.1846,0.2,-0.0795,False
CHEMBL1534,RIBOFLAVIN,0.1705,0.2093,0.25,-0.0795,False
CHEMBL1200507,IODIXANOL,0.1176,0.1566,0.1972,-0.0795,False
CHEMBL1441,ETHIONAMIDE,0.1538,0.2063,0.2333,-0.0795,False
CHEMBL1201320,ESOMEPRAZOLE,0.191,0.253,0.2706,-0.0796,False
CHEMBL1503,OMEPRAZOLE,0.191,0.253,0.2706,-0.0796,False
CHEMBL251634,FLUOCORTOLONE,0.14,0.1364,0.2198,-0.0798,False
CHEMBL2374220,LEDIPASVIR,0.1639,0.192,0.2437,-0.0798,False
CHEMBL1200979,DEXPANTHENOL,0.1047,0.1875,0.1846,-0.08,False
CHEMBL2138684,FROVATRIPTAN SUCCINATE,0.2,0.2568,0.28,-0.08,False
CHEMBL1201020,DISOPYRAMIDE PHOSPHATE,0.1875,0.3134,0.2676,-0.0801,False
CHEMBL276832,HYDRALAZINE,0.1304,0.2029,0.2105,-0.0801,False
CHEMBL4297403,MELPHALAN FLUFENAMIDE HYDROCHLORIDE,0.1771,0.2571,0.2571,-0.0801,False
CHEMBL2105729,DABRAFENIB MESYLATE,0.1261,0.1919,0.2062,-0.0801,False
CHEMBL527,PIROXICAM,0.1505,0.2338,0.2308,-0.0802,False
CHEMBL2105497,ZIPEPROL,0.2179,0.2206,0.2982,-0.0803,False
CHEMBL1515,METHIMAZOLE,0.1154,0.1746,0.1957,-0.0803,False
CHEMBL499,TIMOLOL,0.1765,0.241,0.2568,-0.0803,False
CHEMBL3989676,OXYPHENBUTAZONE,0.2105,0.2381,0.2909,-0.0804,False
CHEMBL760,ANAGRELIDE,0.1481,0.1781,0.2286,-0.0804,False
CHEMBL1200397,BUTENAFINE HYDROCHLORIDE,0.1875,0.2647,0.2679,-0.0804,False
CHEMBL3707223,SOFPIRONIUM BROMIDE,0.1798,0.2159,0.2603,-0.0805,False
CHEMBL1738,DEXRAZOXANE,0.1486,0.1622,0.2292,-0.0805,False
CHEMBL1200971,CEPHALOGLYCIN,0.2039,0.2165,0.2845,-0.0806,False
CHEMBL2105023,INDIGOTINDISULFONATE SODIUM,0.1059,0.1279,0.1864,-0.0806,False
CHEMBL1201780,CARGLUMIC ACID,0.1098,0.1618,0.1905,-0.0807,False
CHEMBL1742466,LANDIOLOL,0.2451,0.2391,0.3258,-0.0807,False
CHEMBL285674,ESTAZOLAM,0.1786,0.2222,0.2593,-0.0807,False
CHEMBL1128,EDROPHONIUM CHLORIDE,0.1233,0.1571,0.2041,-0.0808,False
CHEMBL4297526,REMIMAZOLAM,0.1818,0.2308,0.2626,-0.0808,False
CHEMBL606,MISOPROSTOL,0.1442,0.1562,0.225,-0.0808,False
CHEMBL3989403,ZOMEPIRAC SODIUM,0.2025,0.2794,0.2833,-0.0808,False
CHEMBL1200875,FLAVOXATE HYDROCHLORIDE,0.2619,0.3333,0.3429,-0.081,False
CHEMBL2107214,IOMEPROL,0.119,0.1719,0.2,-0.081,False
CHEMBL231884,DIOSMIN,0.1961,0.2184,0.2771,-0.081,False
CHEMBL2364637,TENOFOVIR ALAFENAMIDE FUMARATE,0.1604,0.2143,0.2414,-0.081,False
CHEMBL4297610,OLUTASIDENIB,0.172,0.2892,0.253,-0.081,False
CHEMBL590,MENADIONE,0.1304,0.1905,0.2115,-0.0811,False
CHEMBL1255800,FIDAXOMICIN,0.1067,0.1437,0.1879,-0.0812,False
CHEMBL141305,CYCLOFENIL,0.2,0.2388,0.2812,-0.0812,False
CHEMBL3989408,IBUPROFEN SODIUM,0.1688,0.2188,0.25,-0.0812,False
CHEMBL4594301,REMIMAZOLAM BESYLATE,0.1743,0.21,0.2556,-0.0812,False
CHEMBL1625,OXYBENZONE,0.2394,0.3333,0.3208,-0.0813,False
CHEMBL2104910,SULFADICRAMIDE,0.1392,0.2121,0.2206,-0.0813,False
CHEMBL1234,DEFEROXAMINE MESYLATE,0.125,0.1507,0.2063,-0.0813,False
CHEMBL1697841,ISOMETHEPTENE,0.0854,0.1143,0.1667,-0.0813,False
CHEMBL1945778,IOFLUPANE,0.1818,0.2299,0.2632,-0.0813,False
CHEMBL1200468,MALATHION,0.1125,0.1316,0.194,-0.0815,False
CHEMBL154,NAPROXEN,0.1972,0.3509,0.2787,-0.0815,False
CHEMBL1051,LATANOPROST,0.1753,0.236,0.2568,-0.0815,False
CHEMBL2219411,MOMELOTINIB DIHYDROCHLORIDE,0.2174,0.3023,0.299,-0.0816,False
CHEMBL56337,EPALRESTAT,0.1522,0.2027,0.2338,-0.0816,False
CHEMBL2062276,LEVALLORPHAN TARTRATE,0.1684,0.2069,0.25,-0.0816,False
CHEMBL6068336,MOMELOTINIB DIHYDROCHLORIDE MONOHYDRATE,0.2174,0.3023,0.299,-0.0816,False
CHEMBL455186,TREOSULFAN,0.1148,0.1746,0.1964,-0.0817,False
CHEMBL3989693,LEVALBUTEROL TARTRATE,0.1512,0.2,0.2329,-0.0817,False
CHEMBL249856,ENOXIMONE,0.1266,0.2105,0.2083,-0.0818,False
CHEMBL2356023,DIHYDROTACHYSTEROL,0.102,0.1463,0.1839,-0.0819,False
CHEMBL2364609,ESKETAMINE HYDROCHLORIDE,0.15,0.2083,0.2319,-0.0819,False
CHEMBL4303060,MELPHALAN FLUFENAMIDE,0.1789,0.2609,0.2609,-0.0819,False
CHEMBL1714,KETAMINE HYDROCHLORIDE,0.15,0.2083,0.2319,-0.0819,False
CHEMBL814,FLUVOXAMINE,0.1613,0.2778,0.2432,-0.082,False
CHEMBL1200425,PARGYLINE HYDROCHLORIDE,0.2143,0.2667,0.2963,-0.082,False
CHEMBL4594292,TEPOTINIB HYDROCHLORIDE,0.2222,0.3163,0.3043,-0.0821,False
CHEMBL3707224,SOFPIRONIUM,0.1818,0.2184,0.2639,-0.0821,False
CHEMBL1626570,HEXOCYCLIUM METHYLSULFATE,0.2195,0.2414,0.3016,-0.0821,False
CHEMBL1908847,SPARTEINE,0.1304,0.1833,0.2128,-0.0823,False
CHEMBL1078178,MOMELOTINIB,0.2198,0.3059,0.3021,-0.0823,False
CHEMBL592,LEVORPHANOL,0.1786,0.2208,0.2609,-0.0823,False
CHEMBL734,ACETOHYDROXAMIC ACID,0.1111,0.1321,0.1935,-0.0824,False
CHEMBL766,CILASTATIN,0.1058,0.1538,0.1882,-0.0825,False
CHEMBL3989728,MENADIOL SODIUM DIPHOSPHATE,0.125,0.197,0.2075,-0.0825,False
CHEMBL861,MEPHENYTOIN,0.1733,0.2029,0.2558,-0.0825,False
CHEMBL946,AZATADINE,0.175,0.2222,0.2576,-0.0826,False
CHEMBL1200582,AMINOLEVULINIC ACID HYDROCHLORIDE,0.0938,0.1304,0.1765,-0.0827,False
CHEMBL1201161,MAFENIDE ACETATE,0.1622,0.2979,0.2449,-0.0827,False
CHEMBL190461,CANNABIDIOL,0.1494,0.1772,0.2321,-0.0827,False
CHEMBL5314373,"CEFPROZIL, (E)-",0.1589,0.1798,0.2417,-0.0828,False
CHEMBL1770,LEVAMISOLE HYDROCHLORIDE,0.1579,0.2188,0.2407,-0.0828,False
CHEMBL1201005,CEFONICID SODIUM,0.1864,0.1852,0.2692,-0.0828,False
CHEMBL1184,ACETYLCHOLINE CHLORIDE,0.0972,0.1739,0.18,-0.0828,False
CHEMBL1493,FLAVOXATE,0.2651,0.3377,0.3478,-0.0828,False
CHEMBL990,BUTENAFINE,0.1899,0.2687,0.2727,-0.0829,False
CHEMBL3989410,INDOMETHACIN SODIUM,0.2045,0.266,0.2875,-0.083,False
CHEMBL1228,OXYPHENBUTAZONE ANHYDROUS,0.2133,0.2419,0.2963,-0.083,False
CHEMBL1768,BETHANECHOL CHLORIDE,0.0972,0.1429,0.1803,-0.0831,False
CHEMBL2068724,ACAMPROSATE CALCIUM,0.12,0.16,0.2031,-0.0831,False
CHEMBL404108,LUMIRACOXIB,0.1778,0.236,0.2609,-0.0831,False
CHEMBL3402762,TEPOTINIB,0.2245,0.3196,0.3077,-0.0832,False
CHEMBL1571863,ISOCONAZOLE,0.2043,0.2593,0.2875,-0.0832,False
CHEMBL1070,NABUMETONE,0.25,0.4074,0.3333,-0.0833,False
CHEMBL276568,"CEFPROZIL ANHYDROUS, (E)-",0.1604,0.1818,0.2437,-0.0833,False
CHEMBL1078261,PROPIVERINE,0.25,0.2857,0.3333,-0.0833,False
CHEMBL1200963,BIMATOPROST,0.1735,0.2471,0.2568,-0.0833,False
CHEMBL3646221,VADADUSTAT,0.2125,0.3385,0.2958,-0.0833,False
CHEMBL1201150,SUMATRIPTAN SUCCINATE,0.1667,0.2442,0.25,-0.0833,False
CHEMBL1104,EDROPHONIUM,0.125,0.1594,0.2083,-0.0833,False
CHEMBL742,KETAMINE,0.1519,0.2113,0.2353,-0.0834,False
CHEMBL291657,CRINECERFONT,0.1532,0.2035,0.2366,-0.0834,False
CHEMBL395091,ESKETAMINE,0.1519,0.2113,0.2353,-0.0834,False
CHEMBL5314377,GANIRELIX ACETATE,0.1722,0.2535,0.2557,-0.0835,False
CHEMBL797,PHENSUXIMIDE,0.1818,0.2321,0.2653,-0.0835,False
CHEMBL1200969,DUTASTERIDE,0.2143,0.2432,0.2979,-0.0836,False
CHEMBL1414320,SUXIBUZONE,0.1744,0.2025,0.2581,-0.0836,False
CHEMBL1615439,PHENDIMETRAZINE,0.1795,0.2295,0.2632,-0.0837,False
CHEMBL2079793,PENCICLOVIR SODIUM,0.1047,0.1587,0.1884,-0.0838,False
CHEMBL465,DRONABINOL,0.14,0.1786,0.2239,-0.0839,False
CHEMBL3544914,TEZACAFTOR,0.1636,0.2182,0.2475,-0.0839,False
CHEMBL1568698,GANAXOLONE,0.1294,0.1566,0.2133,-0.0839,False
CHEMBL529888,GLIBORNURIDE,0.1628,0.2317,0.2468,-0.084,False
CHEMBL278020,NEOSTIGMINE,0.1622,0.2344,0.2464,-0.0842,False
CHEMBL1200887,TRIMETHOBENZAMIDE HYDROCHLORIDE,0.2716,0.4,0.3559,-0.0843,False
CHEMBL1200854,FLUPHENAZINE DECANOATE,0.2308,0.2809,0.3151,-0.0843,False
CHEMBL776,METAPROTERENOL,0.1233,0.209,0.2075,-0.0843,False
CHEMBL1200951,FLUPHENAZINE ENANTHATE,0.2308,0.2809,0.3151,-0.0843,False
CHEMBL820,BUSULFAN,0.1017,0.1356,0.186,-0.0844,False
CHEMBL1200629,VECURONIUM BROMIDE,0.1176,0.1652,0.202,-0.0844,False
CHEMBL1200461,MIDODRINE HYDROCHLORIDE,0.2125,0.2714,0.2969,-0.0844,False
CHEMBL673,PARGYLINE,0.2174,0.2712,0.3019,-0.0845,False
CHEMBL2106155,ENCAINIDE HYDROCHLORIDE,0.2716,0.411,0.3562,-0.0846,False
CHEMBL692,GLYCERIN,0.082,0.0833,0.1667,-0.0847,False
CHEMBL3137301,SACUBITRIL,0.1818,0.2754,0.2667,-0.0848,False
CHEMBL829,METHYLPROMAZINE,0.2055,0.2419,0.2903,-0.0848,False
CHEMBL1094,FELBAMATE,0.1831,0.2459,0.2679,-0.0848,False
CHEMBL601,AMINOLEVULINIC ACID,0.0952,0.1333,0.18,-0.0848,False
CHEMBL588,FENOLDOPAM,0.1264,0.2254,0.2113,-0.0848,False
CHEMBL1200763,IODOHIPPURATE SODIUM I 131,0.1558,0.2222,0.2407,-0.0849,False
CHEMBL1471,APREPITANT,0.2336,0.2717,0.3187,-0.085,False
CHEMBL984,MIVACURIUM CHLORIDE,0.165,0.1957,0.25,-0.085,False
CHEMBL2103827,DROXIDOPA,0.1264,0.1791,0.2115,-0.0851,False
CHEMBL1200907,TRILOSTANE,0.1053,0.1789,0.1905,-0.0852,False
CHEMBL90593,PRASTERONE,0.1446,0.15,0.2297,-0.0852,False
CHEMBL1722,METHYLPHENIDATE HYDROCHLORIDE,0.2162,0.2687,0.3014,-0.0852,False
CHEMBL904,DEXMETHYLPHENIDATE HYDROCHLORIDE,0.2162,0.2687,0.3014,-0.0852,False
CHEMBL1454,LEVAMISOLE,0.16,0.2222,0.2453,-0.0853,False
CHEMBL1201219,VECURONIUM,0.1188,0.1667,0.2041,-0.0853,False
CHEMBL1908377,PYRVINIUM PAMOATE,0.1455,0.1863,0.2308,-0.0853,False
CHEMBL1237119,TREPROSTINIL,0.1616,0.1979,0.2469,-0.0853,False
CHEMBL1208,CINOXACIN,0.1852,0.2692,0.2706,-0.0854,False
CHEMBL167731,PIXANTRONE,0.1236,0.1818,0.209,-0.0854,False
CHEMBL1201067,BIPERIDEN LACTATE,0.2289,0.2821,0.3143,-0.0854,False
CHEMBL1018,DIENESTROL,0.1061,0.1489,0.1915,-0.0854,False
CHEMBL70246,ACEFYLLINE,0.1646,0.194,0.25,-0.0854,False
CHEMBL2368924,DOLASETRON MESYLATE,0.1717,0.2022,0.2571,-0.0854,False
CHEMBL953,ENTACAPONE,0.1333,0.2247,0.2188,-0.0854,False
CHEMBL192,SILDENAFIL,0.1881,0.2151,0.2737,-0.0856,False
CHEMBL1200906,OXYPHENONIUM BROMIDE,0.1829,0.2195,0.2687,-0.0857,False
CHEMBL1474889,CLOBUTINOL,0.2083,0.2586,0.2941,-0.0858,False
CHEMBL1239,BENZYL BENZOATE,0.2121,0.2963,0.2979,-0.0858,False
CHEMBL19299,LOXOPROFEN,0.2073,0.2568,0.2931,-0.0858,False
CHEMBL1200817,LEVOMETHADYL ACETATE HYDROCHLORIDE,0.1852,0.2239,0.2712,-0.086,False
CHEMBL1360,ATRACURIUM,0.1979,0.25,0.284,-0.086,False
CHEMBL1201248,CISATRACURIUM,0.1979,0.25,0.284,-0.086,False
CHEMBL925,TYROSINE,0.1493,0.2041,0.2353,-0.086,False
CHEMBL1200439,IODOHIPPURATE SODIUM I 123,0.1325,0.2063,0.2188,-0.0862,False
CHEMBL119423,TISOPURINE,0.0933,0.1176,0.1795,-0.0862,False
CHEMBL3989514,IRINOTECAN HYDROCHLORIDE,0.1982,0.2768,0.2844,-0.0862,False
CHEMBL3545181,TIOTROPIUM BROMIDE,0.1538,0.1852,0.24,-0.0862,False
CHEMBL515606,CILAZAPRIL,0.2326,0.2778,0.3188,-0.0863,False
CHEMBL2110636,BUNAMIODYL,0.1319,0.2329,0.2182,-0.0863,False
CHEMBL2107817,AVIBACTAM SODIUM,0.1358,0.1918,0.2222,-0.0864,False
CHEMBL976,PRAZIQUANTEL,0.2469,0.2468,0.3333,-0.0864,False
CHEMBL1201293,ACAMPROSATE,0.1233,0.1803,0.2097,-0.0864,False
CHEMBL1201212,MIDODRINE,0.2152,0.2754,0.3016,-0.0864,False
CHEMBL802,MINOXIDIL,0.1375,0.2286,0.2239,-0.0864,False
CHEMBL1182833,MIVACURIUM,0.1667,0.1978,0.2532,-0.0865,False
CHEMBL121,ROSIGLITAZONE,0.2414,0.2639,0.3279,-0.0865,False
CHEMBL597,PHENTOLAMINE,0.1529,0.2317,0.2394,-0.0865,False
CHEMBL1200482,CEFOPERAZONE SODIUM,0.1705,0.178,0.2571,-0.0866,False
CHEMBL6,INDOMETHACIN,0.2118,0.2747,0.2987,-0.0869,False
CHEMBL3349607,PASIREOTIDE,0.2167,0.2746,0.3037,-0.087,False
CHEMBL1685,DEZOCINE,0.1481,0.1806,0.2353,-0.0871,False
CHEMBL1201256,TRIMETHOBENZAMIDE,0.275,0.4062,0.3621,-0.0871,False
CHEMBL578,ENALAPRIL,0.2262,0.2821,0.3134,-0.0872,False
CHEMBL556,DEFEROXAMINE,0.1294,0.1571,0.2167,-0.0873,False
CHEMBL2104136,CLOMACRAN PHOSPHATE,0.1905,0.2405,0.2778,-0.0873,False
CHEMBL3707313,TRIFAROTENE,0.2222,0.3467,0.3095,-0.0873,False
CHEMBL4297603,DEUTIVACAFTOR,0.1515,0.1848,0.2388,-0.0873,False
CHEMBL1200515,DESERPIDINE,0.1818,0.2255,0.2692,-0.0874,False
CHEMBL1201286,OXYPHENONIUM,0.1852,0.2222,0.2727,-0.0875,False
CHEMBL1725,IOPROMIDE,0.1277,0.1778,0.2152,-0.0875,False
CHEMBL4297065,SPINOSAD,0.1154,0.1343,0.2029,-0.0875,False
CHEMBL139877,SULFACARBAMIDE,0.1268,0.1667,0.2143,-0.0875,False
CHEMBL17,DICHLORPHENAMIDE,0.0976,0.1486,0.1852,-0.0876,False
CHEMBL1412,PIPERAZINE,0.0862,0.102,0.1739,-0.0877,False
CHEMBL398707,HYDROMORPHONE,0.1935,0.2,0.2812,-0.0877,False
CHEMBL19490,ZOMEPIRAC,0.2105,0.2923,0.2982,-0.0877,False
CHEMBL3301594,FOSTEMSAVIR,0.198,0.2292,0.2857,-0.0877,False
CHEMBL106258,AMINOREX,0.1579,0.2,0.2456,-0.0877,False
CHEMBL996,CEFOXITIN,0.165,0.2211,0.2529,-0.0878,False
CHEMBL667,ACETYLCHOLINE,0.0959,0.1765,0.1837,-0.0878,False
CHEMBL712,ANISINDIONE,0.2063,0.2545,0.2941,-0.0878,False
CHEMBL61,PODOFILOX,0.1798,0.2469,0.2676,-0.0878,False
CHEMBL3301627,TENAPANOR HYDROCHLORIDE,0.1909,0.2473,0.2788,-0.0879,False
CHEMBL517,DISOPYRAMIDE,0.1957,0.3125,0.2836,-0.0879,False
CHEMBL481,IRINOTECAN,0.2018,0.2818,0.2897,-0.0879,False
CHEMBL701,BACLOFEN,0.1528,0.2917,0.2407,-0.088,False
CHEMBL2103854,OMADACYCLINE TOSYLATE,0.1269,0.1712,0.215,-0.0881,False
CHEMBL4594350,ADAGRASIB,0.1667,0.2342,0.2547,-0.0881,False
CHEMBL64,ISONIAZID,0.1711,0.2727,0.2593,-0.0882,False
CHEMBL1200870,TIMOLOL MALEATE,0.1868,0.2759,0.275,-0.0882,False
CHEMBL41355,EZOGABINE,0.2118,0.2973,0.3,-0.0882,False
CHEMBL1689063,AVIBACTAM,0.1375,0.2113,0.2258,-0.0883,False
CHEMBL1631694,FEXINIDAZOLE,0.1875,0.2192,0.2759,-0.0884,False
CHEMBL1514,LEVOMETHADYL ACETATE,0.1875,0.2273,0.2759,-0.0884,False
CHEMBL2359670,THIETHYLPERAZINE MALATE,0.2165,0.2667,0.3049,-0.0884,False
CHEMBL406393,DEOXYCHOLIC ACID,0.125,0.1868,0.2135,-0.0885,False
CHEMBL495,ALPROSTADIL,0.1515,0.1505,0.24,-0.0885,False
CHEMBL21536,XANOMELINE,0.1573,0.1852,0.2459,-0.0886,False
CHEMBL1200483,PHENMETRAZINE HYDROCHLORIDE,0.1528,0.2295,0.2414,-0.0886,False
CHEMBL654,MIRTAZAPINE,0.2099,0.1974,0.2985,-0.0886,False
CHEMBL3989909,LENIOLISIB PHOSPHATE,0.2072,0.2569,0.2959,-0.0887,False
CHEMBL684,DIETHYLCARBAMAZINE,0.197,0.2535,0.2857,-0.0887,False
CHEMBL3833350,MAGALDRATE,0.0395,0.0625,0.1282,-0.0887,False
CHEMBL247951,PEMAFIBRATE,0.2308,0.2727,0.3194,-0.0887,False
CHEMBL2096650,SODIUM THIOSULFATE,0.0395,0.0667,0.1282,-0.0887,False
CHEMBL1200936,PENICILLIN G PROCAINE,0.1869,0.2667,0.2759,-0.0889,False
CHEMBL3304485,TENAPANOR,0.1927,0.25,0.2816,-0.0889,False
CHEMBL315795,CLOMETHIAZOLE,0.1111,0.1471,0.2,-0.0889,False
CHEMBL1350,TILUDRONIC ACID,0.1268,0.2553,0.2157,-0.0889,False
CHEMBL95,TACRINE,0.1571,0.2381,0.2462,-0.089,False
CHEMBL4535757,SOTORASIB,0.1966,0.2018,0.2857,-0.0891,False
CHEMBL1169,AMINOSALICYLIC ACID,0.1389,0.1746,0.2281,-0.0892,False
CHEMBL1256958,EPINEPHRINE BITARTRATE,0.1429,0.2429,0.2321,-0.0893,False
CHEMBL1292,CLOFAZIMINE,0.172,0.3218,0.2614,-0.0893,False
CHEMBL2105527,TETRAZEPAM,0.186,0.2179,0.2754,-0.0893,False
CHEMBL1900528,TIOTROPIUM,0.1573,0.1899,0.2466,-0.0893,False
CHEMBL1200833,DIPIVEFRIN HYDROCHLORIDE,0.1494,0.2133,0.2388,-0.0894,False
CHEMBL5315125,DUVELISIB MONOHYDRATE,0.1633,0.2472,0.2527,-0.0895,False
CHEMBL92401,IPRONIAZID,0.1605,0.2679,0.25,-0.0895,False
CHEMBL2062163,PHENDIMETRAZINE TARTRATE,0.2169,0.2537,0.3065,-0.0896,False
CHEMBL3184986,ZINC ACETATE,0.0769,0.1034,0.1667,-0.0897,False
CHEMBL1200804,DICLOFENAC POTASSIUM,0.141,0.2078,0.2308,-0.0897,False
CHEMBL4594395,POTASSIUM OXYBATE,0.0725,0.1224,0.1622,-0.0897,False
CHEMBL4594394,MAGNESIUM OXYBATE,0.0725,0.1224,0.1622,-0.0897,False
CHEMBL1201233,METHYLDOPATE,0.1667,0.2286,0.2564,-0.0897,False
CHEMBL1034,DICLOFENAC SODIUM,0.141,0.2078,0.2308,-0.0897,False
CHEMBL3989858,MAGNESIUM ACETATE TETRAHYDRATE,0.0769,0.1034,0.1667,-0.0897,False
CHEMBL1200682,SODIUM OXYBATE,0.0725,0.1224,0.1622,-0.0897,False
CHEMBL4594393,CALCIUM OXYBATE,0.0725,0.1343,0.1622,-0.0897,False
CHEMBL956,SUPROFEN,0.1446,0.2206,0.2344,-0.0898,False
CHEMBL139,DICLOFENAC,0.16,0.2133,0.25,-0.09,False
CHEMBL12856,INAMRINONE,0.1395,0.2273,0.2295,-0.09,False
CHEMBL45029,MEPHOBARBITAL,0.16,0.209,0.25,-0.09,False
CHEMBL408403,ANGIOTENSIN II,0.1929,0.3472,0.2829,-0.0901,False
CHEMBL1201142,RASAGILINE MESYLATE,0.1786,0.2353,0.2687,-0.0901,False
CHEMBL1254682,LEVALLORPHAN,0.1667,0.1852,0.2568,-0.0901,False
CHEMBL2165326,APROCITENTAN,0.1333,0.2192,0.2235,-0.0902,False
CHEMBL6068400,GIVINOSTAT HYDROCHLORIDE,0.2045,0.3636,0.2949,-0.0903,False
CHEMBL2107067,TESTOSTERONE UNDECANOATE,0.1414,0.1828,0.2317,-0.0903,False
CHEMBL1200946,NANDROLONE DECANOATE,0.1414,0.1835,0.2317,-0.0903,False
CHEMBL296913,PARECOXIB SODIUM,0.1685,0.2152,0.2588,-0.0903,False
CHEMBL1200335,TESTOSTERONE ENANTHATE,0.1414,0.1828,0.2317,-0.0903,False
CHEMBL1628385,PROCAINE BENZYLPENICILLIN,0.1887,0.2697,0.2791,-0.0904,False
CHEMBL1599,CEPHAPIRIN,0.1869,0.2151,0.2773,-0.0904,False
CHEMBL3989569,IBANDRONATE SODIUM,0.12,0.1467,0.2105,-0.0905,False
CHEMBL932,DIPYRIDAMOLE,0.1216,0.2059,0.2121,-0.0905,False
CHEMBL3188993,QUETIAPINE FUMARATE,0.1895,0.2381,0.28,-0.0905,False
CHEMBL3039502,DUVELISIB,0.1649,0.25,0.2556,-0.0906,False
CHEMBL2110367,TRIMETHOPRIM SULFATE,0.1807,0.2209,0.2714,-0.0907,False
CHEMBL1201208,PHENMETRAZINE,0.1549,0.2333,0.2456,-0.0907,False
CHEMBL1201345,TETRADECYL SULFURIC ACID,0.1222,0.1299,0.2131,-0.0909,False
CHEMBL1200541,AMBENONIUM CHLORIDE,0.1591,0.2179,0.25,-0.0909,False
CHEMBL18116,TOLOXATONE,0.2179,0.2571,0.3088,-0.0909,False
CHEMBL3989868,TUCATINIB,0.1376,0.2277,0.2286,-0.091,False
CHEMBL599,MELOXICAM,0.1443,0.2099,0.2353,-0.091,False
CHEMBL1199080,BRETYLIUM,0.1053,0.1528,0.1964,-0.0912,False
CHEMBL3544908,AZATADINE MALEATE,0.2118,0.2338,0.303,-0.0913,False
CHEMBL523299,UMECLIDINIUM BROMIDE,0.1786,0.2195,0.2698,-0.0913,False
CHEMBL1201262,DIPIVEFRIN,0.1512,0.2162,0.2424,-0.0913,False
CHEMBL53418,DANTHRON,0.1127,0.1449,0.2041,-0.0914,False
CHEMBL652,FLECAINIDE,0.2211,0.2785,0.3125,-0.0914,False
CHEMBL1200339,PHENYLEPHRINE HYDROCHLORIDE,0.1486,0.2239,0.24,-0.0914,False
CHEMBL1201785,HEXAMINOLEVULINATE HYDROCHLORIDE,0.1149,0.1644,0.2063,-0.0914,False
CHEMBL2107554,SODIUM DIBUNATE,0.119,0.1972,0.2105,-0.0915,False
CHEMBL1486,TENOFOVIR DISOPROXIL FUMARATE,0.125,0.172,0.2165,-0.0915,False
CHEMBL605,PROCAINAMIDE HYDROCHLORIDE,0.2368,0.5652,0.3284,-0.0915,False
CHEMBL1200448,TILUDRONATE DISODIUM,0.1216,0.24,0.2131,-0.0915,False
CHEMBL6068332,TENOFOVIR DISOPROXIL MALEATE,0.125,0.172,0.2165,-0.0915,False
CHEMBL1308,FOMEPIZOLE,0.1045,0.1296,0.1961,-0.0916,False
CHEMBL3833408,MAGALDRATE ANHYDROUS,0.04,0.0635,0.1316,-0.0916,False
CHEMBL1618,CEFAMANDOLE NAFATE,0.2051,0.1981,0.2969,-0.0917,False
CHEMBL1224,ACRIVASTINE,0.2024,0.3026,0.2941,-0.0917,False
CHEMBL1201303,PYRVINIUM,0.1444,0.1977,0.2361,-0.0917,False
CHEMBL1201261,TYROPANOIC ACID,0.1304,0.2297,0.2222,-0.0918,False
CHEMBL1200868,PHENYL AMINOSALICYLATE,0.169,0.2121,0.2609,-0.0919,False
CHEMBL459,METHYLDOPA,0.1618,0.2273,0.254,-0.0922,False
CHEMBL2096642,INAMRINONE LACTATE,0.1765,0.2432,0.2687,-0.0922,False
CHEMBL625,THIABENDAZOLE,0.1875,0.2,0.28,-0.0925,False
CHEMBL1200928,ZINC ACETATE ANHYDROUS,0.0781,0.1053,0.1707,-0.0926,False
CHEMBL1200800,CALCIUM ACETATE,0.0781,0.125,0.1707,-0.0926,False
CHEMBL1354,SODIUM ACETATE,0.0781,0.1207,0.1707,-0.0926,False
CHEMBL1200691,MAGNESIUM ACETATE,0.0781,0.1053,0.1707,-0.0926,False
CHEMBL1201058,POTASSIUM ACETATE,0.0781,0.1053,0.1707,-0.0926,False
CHEMBL1201015,ALUMINUM ACETATE,0.0781,0.1053,0.1707,-0.0926,False
CHEMBL1200769,TRIPELENNAMINE CITRATE,0.2024,0.274,0.2951,-0.0927,False
CHEMBL4297216,FEDRATINIB HYDROCHLORIDE,0.233,0.3222,0.3258,-0.0928,False
CHEMBL1703,METFORMIN HYDROCHLORIDE,0.0704,0.1053,0.1633,-0.0928,False
CHEMBL316561,PROGLUMIDE,0.1829,0.3065,0.2759,-0.0929,False
CHEMBL1026,FENOLDOPAM MESYLATE,0.1348,0.2209,0.2277,-0.0929,False
CHEMBL1539,SULFADOXINE,0.1341,0.1829,0.2273,-0.0931,False
CHEMBL905,RIZATRIPTAN,0.1771,0.2048,0.2703,-0.0932,False
CHEMBL4303288,ABACAVIR SULFATE,0.1443,0.2069,0.2375,-0.0932,False
CHEMBL1213492,GIVINOSTAT,0.2093,0.375,0.3026,-0.0933,False
CHEMBL1200444,PIRBUTEROL ACETATE,0.1429,0.2143,0.2361,-0.0933,False
CHEMBL1963681,AVANAFIL,0.2667,0.3474,0.36,-0.0933,False
CHEMBL640,PROCAINAMIDE,0.24,0.5778,0.3333,-0.0933,False
CHEMBL1200330,PILOCARPINE HYDROCHLORIDE,0.1566,0.2471,0.25,-0.0934,False
CHEMBL1201784,HEXAMINOLEVULINATE,0.1163,0.1667,0.2097,-0.0934,False
CHEMBL1200329,TIZANIDINE HYDROCHLORIDE,0.1149,0.1951,0.2083,-0.0934,False
CHEMBL1519,TRANDOLAPRIL,0.2022,0.2683,0.2958,-0.0935,False
CHEMBL1187833,UMECLIDINIUM,0.1807,0.2222,0.2742,-0.0935,False
CHEMBL2028663,DABRAFENIB,0.1193,0.1856,0.2128,-0.0935,False
CHEMBL1200799,TRAVOPROST,0.1638,0.2476,0.2574,-0.0936,False
CHEMBL1542,AZATHIOPRINE,0.1064,0.1522,0.2,-0.0936,False
CHEMBL3643413,LENIOLISIB,0.215,0.2667,0.3085,-0.0936,False
CHEMBL2105689,LULICONAZOLE,0.1505,0.2045,0.2442,-0.0936,False
CHEMBL455,SULFACETAMIDE,0.1644,0.1746,0.2581,-0.0937,False
CHEMBL1200710,CLOMIPRAMINE HYDROCHLORIDE,0.2179,0.2692,0.3117,-0.0937,False
CHEMBL964,DISULFIRAM,0.1286,0.1207,0.2222,-0.0937,False
CHEMBL2105717,CABOZANTINIB,0.2151,0.3038,0.3088,-0.0938,False
CHEMBL3989850,ECAMSULE,0.1461,0.1923,0.24,-0.0939,False
CHEMBL1652,AMBENONIUM,0.1609,0.2208,0.2549,-0.094,False
CHEMBL2303621,DACLATASVIR DIHYDROCHLORIDE,0.2022,0.2529,0.2963,-0.094,False
CHEMBL1760,TERBUTALINE,0.1216,0.1714,0.2157,-0.0941,False
CHEMBL1215,PHENYLEPHRINE,0.1507,0.2273,0.2449,-0.0942,False
CHEMBL1568057,METAPROTERENOL SULFATE,0.1299,0.2113,0.2241,-0.0943,False
CHEMBL1201061,LEVALBUTEROL HYDROCHLORIDE,0.1279,0.1688,0.2222,-0.0943,False
CHEMBL550348,DEFERASIROX,0.1625,0.2121,0.2568,-0.0943,False
CHEMBL238804,SELEXIPAG,0.1828,0.2973,0.2771,-0.0943,False
CHEMBL1200941,THIAMINE HYDROCHLORIDE,0.1,0.1375,0.1944,-0.0944,False
CHEMBL1200374,EXEMESTANE,0.1236,0.131,0.2179,-0.0944,False
CHEMBL1289926,AXITINIB,0.1327,0.191,0.2273,-0.0946,False
CHEMBL3989857,MAGNESIUM SULFATE,0.0405,0.0645,0.1351,-0.0946,False
CHEMBL4297212,SOLRIAMFETOL HYDROCHLORIDE,0.1781,0.2258,0.2727,-0.0946,False
CHEMBL3989856,SODIUM SULFATE,0.0405,0.0645,0.1351,-0.0946,False
CHEMBL3989478,THIETHYLPERAZINE MALEATE,0.2258,0.2644,0.3205,-0.0947,False
CHEMBL550,PILOCARPINE,0.1585,0.25,0.2533,-0.0948,False
CHEMBL1200712,EVANS BLUE,0.1319,0.1705,0.2267,-0.0948,False
CHEMBL1079,TIZANIDINE,0.1163,0.1975,0.2113,-0.095,False
CHEMBL415,CLOMIPRAMINE,0.2208,0.2727,0.3158,-0.095,False
CHEMBL1200748,CARBIDOPA,0.1625,0.2319,0.2576,-0.0951,False
CHEMBL1200836,OXICONAZOLE NITRATE,0.165,0.25,0.2603,-0.0952,False
CHEMBL1200370,BENZOYL PEROXIDE,0.1667,0.2245,0.2619,-0.0952,False
CHEMBL1450,ATOVAQUONE,0.2267,0.2969,0.322,-0.0954,False
CHEMBL289480,RILMENIDINE,0.0986,0.1449,0.194,-0.0954,False
CHEMBL628,PENTOXIFYLLINE,0.1705,0.2308,0.2658,-0.0954,False
CHEMBL1418176,METHANDROSTENOLONE,0.1446,0.1463,0.24,-0.0954,False
CHEMBL2023898,DACLATASVIR,0.2045,0.2558,0.3,-0.0955,False
CHEMBL3545185,SELINEXOR,0.1782,0.2439,0.2737,-0.0955,False
CHEMBL636,RIVASTIGMINE,0.1772,0.28,0.2727,-0.0955,False
CHEMBL3545183,ETELCALCETIDE HYDROCHLORIDE,0.1078,0.2824,0.2035,-0.0956,False
CHEMBL1287853,FEDRATINIB,0.2376,0.3295,0.3333,-0.0957,False
CHEMBL1200521,ALMOTRIPTAN MALATE,0.1809,0.2346,0.2766,-0.0957,False
CHEMBL1200402,AMLODIPINE BESYLATE,0.1683,0.2182,0.2642,-0.0958,False
CHEMBL3545184,ETELCALCETIDE,0.1089,0.2857,0.2047,-0.0958,False
CHEMBL4297412,PAFOLACIANINE,0.142,0.1871,0.2378,-0.0959,False
CHEMBL2107726,ARIMOCLOMOL,0.2105,0.2143,0.3065,-0.0959,False
CHEMBL2336050,XANOMELINE TARTRATE,0.1649,0.2045,0.2609,-0.0959,False
CHEMBL103,PROGESTERONE,0.1348,0.1596,0.2308,-0.0959,False
CHEMBL4594383,PAFOLACIANINE SODIUM,0.142,0.1871,0.2378,-0.0959,False
CHEMBL4279047,VORASIDENIB,0.1183,0.2034,0.2143,-0.096,False
CHEMBL1201346,BALSALAZIDE,0.2024,0.2759,0.2985,-0.0961,False
CHEMBL1017,TELMISARTAN,0.1881,0.3085,0.2842,-0.0961,False
CHEMBL2010601,IVACAFTOR,0.1579,0.1932,0.254,-0.0961,False
CHEMBL1588,THIAMINE,0.1011,0.1392,0.1972,-0.0961,False
CHEMBL1200530,CEFOXITIN SODIUM,0.1509,0.2165,0.2472,-0.0962,False
CHEMBL1740513,ISAXONINE,0.1154,0.1833,0.2115,-0.0962,False
CHEMBL1200722,PIPECURONIUM BROMIDE,0.1188,0.1453,0.2151,-0.0962,False
CHEMBL3989932,ANGIOTENSIN II ACETATE,0.1901,0.3436,0.2864,-0.0963,False
CHEMBL1200791,OXYMETAZOLINE HYDROCHLORIDE,0.1149,0.1685,0.2113,-0.0963,False
CHEMBL714,ALBUTEROL,0.1294,0.1711,0.2258,-0.0964,False
CHEMBL1401,NITAZOXANIDE,0.1461,0.2267,0.2424,-0.0964,False
CHEMBL1002,LEVOSALBUTAMOL,0.1294,0.1711,0.2258,-0.0964,False
CHEMBL1095930,CEFUROXIME AXETIL,0.1982,0.1963,0.2946,-0.0964,False
CHEMBL2107387,VORTIOXETINE HYDROBROMIDE,0.175,0.2152,0.2714,-0.0964,False
CHEMBL1282,IMIQUIMOD,0.175,0.2414,0.2714,-0.0964,False
CHEMBL2107260,SULFAMERAZINE SODIUM,0.1098,0.1795,0.2063,-0.0966,False
CHEMBL1697751,ISAXONINE PHOSPHATE,0.1341,0.2222,0.2308,-0.0966,False
CHEMBL685,MEBENDAZOLE,0.1932,0.2877,0.2899,-0.0967,False
CHEMBL2110978,METHIODAL,0.0735,0.1045,0.1702,-0.0967,False
CHEMBL3301622,GILTERITINIB,0.2233,0.3267,0.32,-0.0967,False
CHEMBL844,BRIMONIDINE,0.1084,0.1667,0.2051,-0.0967,False
CHEMBL24944,TRIBROMSALAN,0.1625,0.25,0.2593,-0.0968,False
CHEMBL1118,DESVENLAFAXINE,0.1711,0.1928,0.2679,-0.0968,False
CHEMBL748,PRALIDOXIME CHLORIDE,0.1081,0.127,0.2051,-0.097,False
CHEMBL1201236,CARBIDOPA ANHYDROUS,0.1646,0.2353,0.2615,-0.097,False
CHEMBL1109,SULFAPHENAZOLE,0.1646,0.1923,0.2615,-0.097,False
CHEMBL467058,LANINAMIVIR OCTANOATE,0.1327,0.1782,0.2299,-0.0971,False
CHEMBL4594288,LEVAMLODIPINE MALEATE,0.16,0.211,0.2571,-0.0971,False
CHEMBL1200984,AMLODIPINE MALEATE,0.16,0.211,0.2571,-0.0971,False
CHEMBL822,TERBINAFINE,0.125,0.1719,0.2222,-0.0972,False
CHEMBL4297620,SOLRIAMFETOL,0.1806,0.2295,0.2778,-0.0972,False
CHEMBL2360079,ACETOPHENAZINE MALEATE,0.2316,0.2674,0.3289,-0.0974,False
CHEMBL1201206,PIPECURONIUM,0.12,0.1466,0.2174,-0.0974,False
CHEMBL1435,CEFAZOLIN,0.1565,0.1651,0.254,-0.0974,False
CHEMBL1200757,PANCURONIUM BROMIDE,0.1068,0.1759,0.2043,-0.0975,False
CHEMBL1200737,COLFOSCERIL PALMITATE,0.0971,0.1477,0.1948,-0.0977,False
CHEMBL4594262,AMLODIPINE BENZOATE,0.16,0.211,0.2577,-0.0977,False
CHEMBL1547,THIAMINE ION,0.1023,0.141,0.2,-0.0977,False
CHEMBL579205,FLUTEMETAMOL,0.1556,0.2297,0.2533,-0.0978,False
CHEMBL1200929,ZINC SULFATE,0.0411,0.0656,0.1389,-0.0978,False
CHEMBL2042122,FLUTEMETAMOL F 18,0.1556,0.2297,0.2533,-0.0978,False
CHEMBL2105897,BARIUM SULFATE,0.0411,0.0656,0.1389,-0.0978,False
CHEMBL2021424,POTASSIUM SULFATE,0.0411,0.0656,0.1389,-0.0978,False
CHEMBL233406,SODIUM SULFATE ANHYDROUS,0.0411,0.0656,0.1389,-0.0978,False
CHEMBL2021423,MAGNESIUM SULFATE ANHYDROUS,0.0411,0.0656,0.1389,-0.0978,False
CHEMBL121663,DEQUALINIUM CHLORIDE,0.1294,0.197,0.2273,-0.0979,False
CHEMBL762,OXYMETAZOLINE,0.1163,0.1705,0.2143,-0.098,False
CHEMBL672,FENOFIBRATE,0.1667,0.2436,0.2647,-0.098,False
CHEMBL266349,MELAGATRAN,0.2316,0.2333,0.3295,-0.098,False
CHEMBL869,NITROFURAZONE,0.1392,0.1892,0.2373,-0.098,False
CHEMBL2104993,VORTIOXETINE,0.1772,0.2179,0.2754,-0.0981,False
CHEMBL2106907,METHIODAL SODIUM,0.0519,0.0725,0.15,-0.0981,False
CHEMBL1514715,ETHAMSYLATE,0.1299,0.2059,0.2281,-0.0982,False
CHEMBL245807,OXYPHENISATINE,0.1282,0.1618,0.2264,-0.0982,False
CHEMBL1585,PIPOBROMAN,0.1515,0.2222,0.25,-0.0985,False
CHEMBL2106794,NAFTAZONE,0.1279,0.1733,0.2264,-0.0985,False
CHEMBL589586,MONOMETHYL FUMARATE,0.1014,0.1746,0.2,-0.0986,False
CHEMBL1200819,ARTICAINE HYDROCHLORIDE,0.1395,0.1928,0.2381,-0.0986,False
CHEMBL496,HEXACHLOROPHENE,0.1014,0.1471,0.2,-0.0986,False
CHEMBL185073,PANCURONIUM,0.1078,0.1776,0.2065,-0.0987,False
CHEMBL1201260,BETHANIDINE,0.1644,0.2222,0.2632,-0.0988,False
CHEMBL1652606,CEFTOBIPROLE MEDOCARIL FREE ACID,0.146,0.1761,0.245,-0.099,False
CHEMBL1200933,HEXAFLUORENIUM BROMIDE,0.1184,0.1884,0.2174,-0.099,False
CHEMBL1314751,PROCHLORPERAZINE MALEATE,0.2386,0.3068,0.3378,-0.0992,False
CHEMBL2107815,TREPROSTINIL DIOLAMINE,0.1681,0.2021,0.2674,-0.0993,False
CHEMBL1200491,EPINASTINE HYDROCHLORIDE,0.1325,0.1579,0.2319,-0.0994,False
CHEMBL420762,MOZAVAPTAN,0.1932,0.3662,0.2927,-0.0995,False
CHEMBL1200534,MOEXIPRIL HYDROCHLORIDE,0.2292,0.2644,0.3288,-0.0996,False
CHEMBL5095420,TRIENTINE TETRAHYDROCHLORIDE,0.0822,0.119,0.1818,-0.0996,False
CHEMBL1531864,PIRENZEPINE HYDROCHLORIDE,0.2222,0.2619,0.3218,-0.0996,False
CHEMBL3989777,TRIENTINE HYDROCHLORIDE,0.0822,0.119,0.1818,-0.0996,False
CHEMBL1201196,SERTACONAZOLE,0.1845,0.2727,0.2841,-0.0996,False
CHEMBL256997,ATALUREN,0.225,0.25,0.3247,-0.0997,False
CHEMBL1571,TESTOLACTONE,0.1183,0.125,0.2179,-0.0997,False
CHEMBL193240,ROFLUMILAST,0.2062,0.3457,0.3059,-0.0997,False
CHEMBL3989768,LEVORPHANOL TARTRATE,0.1778,0.2381,0.2778,-0.1,False
CHEMBL472,GLYBURIDE,0.25,0.375,0.35,-0.1,False
CHEMBL1316,CARPROFEN,0.1585,0.2903,0.2586,-0.1001,False
CHEMBL3545313,BEMPEDOIC ACID,0.1096,0.1408,0.2097,-0.1001,False
CHEMBL3301612,ENCORAFENIB,0.1552,0.2075,0.2553,-0.1001,False
CHEMBL1237055,HYDROMORPHONE HYDROCHLORIDE,0.1915,0.1978,0.2917,-0.1002,False
CHEMBL298470,TAFENOQUINE,0.1415,0.25,0.2418,-0.1002,False
CHEMBL1200869,METRONIDAZOLE HYDROCHLORIDE,0.141,0.2027,0.2414,-0.1004,False
CHEMBL1200436,OXANDROLONE,0.1395,0.1429,0.24,-0.1005,False
CHEMBL1201056,SULFACYTINE,0.1609,0.2099,0.2615,-0.1006,False
CHEMBL3989509,PENTAZOCINE LACTATE,0.1667,0.2,0.2674,-0.1008,False
CHEMBL1093,ARTICAINE,0.1412,0.1951,0.2419,-0.1008,False
CHEMBL1201120,REMIFENTANIL HYDROCHLORIDE,0.2326,0.2895,0.3333,-0.1008,False
CHEMBL1788385,TILBROQUINOL,0.1299,0.2267,0.2308,-0.1009,False
CHEMBL9967,PIRENZEPINE,0.2247,0.2651,0.3256,-0.1009,False
CHEMBL578767,FLUMEXADOL,0.1647,0.2375,0.2656,-0.1009,False
CHEMBL1200358,SODIUM PHENYLACETATE,0.1803,0.2407,0.2812,-0.1009,False
CHEMBL1420,PRALIDOXIME,0.1096,0.129,0.2105,-0.1009,False
CHEMBL338802,SULFAGUANIDINE,0.1096,0.1571,0.2105,-0.1009,False
CHEMBL221722,FAVIPIRAVIR,0.1333,0.1846,0.2344,-0.101,False
CHEMBL3989855,PSEUDOEPHEDRINE SULFATE,0.1781,0.25,0.2791,-0.101,False
CHEMBL1523964,EPHEDRINE SULFATE,0.1781,0.25,0.2791,-0.101,False
CHEMBL1200822,FLECAINIDE ACETATE,0.2121,0.2805,0.3133,-0.1011,False
CHEMBL243712,AMISULPRIDE,0.2637,0.2963,0.3649,-0.1011,False
CHEMBL1106,EPINASTINE,0.1341,0.16,0.2353,-0.1011,False
CHEMBL2105762,OMARIGLIPTIN,0.2,0.2243,0.3012,-0.1012,False
CHEMBL1043,DAPSONE,0.0986,0.1515,0.2,-0.1014,False
CHEMBL511,PYRILAMINE,0.2985,0.2698,0.4,-0.1015,False
CHEMBL333826,DEQUALINIUM,0.131,0.2,0.2326,-0.1016,False
CHEMBL2104356,KETAZOLAM,0.1556,0.2099,0.2571,-0.1016,False
CHEMBL6068333,CLOPIDOGREL BESILATE,0.1895,0.2184,0.2911,-0.1017,False
CHEMBL1090,VIDARABINE,0.125,0.1385,0.2267,-0.1017,False
CHEMBL477,ADENOSINE,0.125,0.1385,0.2267,-0.1017,False
CHEMBL1570,SULFOXONE,0.1071,0.1852,0.209,-0.1018,False
CHEMBL1165,MOEXIPRIL,0.2316,0.2674,0.3333,-0.1018,False
CHEMBL1520,VARDENAFIL,0.19,0.2526,0.2921,-0.1021,False
CHEMBL32479,BROTIZOLAM,0.1444,0.2326,0.2466,-0.1021,False
CHEMBL2062262,METARAMINOL BITARTRATE,0.1558,0.2143,0.2581,-0.1022,False
CHEMBL1865134,DIBUNIC ACID,0.1341,0.2174,0.2364,-0.1022,False
CHEMBL1201349,HEXAFLUORENIUM,0.12,0.1912,0.2222,-0.1022,False
CHEMBL1437,NOREPINEPHRINE,0.1268,0.1719,0.2292,-0.1024,False
CHEMBL3188034,TRIPROLIDINE HYDROCHLORIDE,0.1899,0.2958,0.2923,-0.1024,False
CHEMBL1005,REMIFENTANIL,0.2353,0.2933,0.3378,-0.1025,False
CHEMBL1626223,PYRANTEL,0.1519,0.2206,0.2545,-0.1026,False
CHEMBL1448187,FLUPHENAZINE HYDROCHLORIDE,0.2353,0.2791,0.338,-0.1027,False
CHEMBL1417019,MITOXANTRONE HYDROCHLORIDE,0.1139,0.2241,0.2167,-0.1027,False
CHEMBL6067988,RASAGILINE TARTRATE,0.1852,0.2571,0.2879,-0.1027,False
CHEMBL137,METRONIDAZOLE,0.1429,0.2055,0.2456,-0.1028,False
CHEMBL4435170,DEUCRAVACITINIB,0.1776,0.2404,0.2805,-0.1029,False
CHEMBL191083,METHYLENE BLUE CATION,0.1585,0.2237,0.2615,-0.103,False
CHEMBL1525826,SULFALENE,0.1351,0.2051,0.2381,-0.103,False
CHEMBL459265,HEXAMETHYL PARAROSANILINE,0.137,0.2131,0.24,-0.103,False
CHEMBL2106483,VILOXAZINE HYDROCHLORIDE,0.1585,0.1972,0.2615,-0.103,False
CHEMBL3989821,TUBOCURARINE CHLORIDE,0.1579,0.19,0.2609,-0.103,False
CHEMBL2105756,TIVOZANIB HYDROCHLORIDE,0.1782,0.2826,0.2812,-0.103,False
CHEMBL1200347,ISOPROPAMIDE IODIDE,0.1625,0.2192,0.2656,-0.1031,False
CHEMBL1201154,PROCHLORPERAZINE EDISYLATE,0.2529,0.2921,0.3559,-0.1031,False
CHEMBL809,SERTRALINE,0.1512,0.2464,0.2542,-0.1031,False
CHEMBL997,IBANDRONIC ACID,0.1143,0.1594,0.2174,-0.1031,False
CHEMBL6068341,TENOFOVIR DISOPROXIL PHOSPHATE,0.1226,0.1798,0.2258,-0.1032,False
CHEMBL2062264,PHENYLEPHRINE BITARTRATE,0.1667,0.2571,0.2698,-0.1032,False
CHEMBL3301603,GILTERITINIB FUMARATE,0.211,0.3208,0.3143,-0.1033,False
CHEMBL1200711,OMEGA-3-ACID ETHYL ESTERS,0.1,0.1486,0.2034,-0.1034,False
CHEMBL1382627,"SULFADIAZINE, SILVER",0.1034,0.1579,0.2069,-0.1034,False
CHEMBL419213,LISINOPRIL,0.2069,0.275,0.3103,-0.1034,False
CHEMBL1200351,SULFADIAZINE SODIUM,0.1034,0.1579,0.2069,-0.1034,False
CHEMBL617,CEPHALOTHIN,0.181,0.25,0.2845,-0.1035,False
CHEMBL57,NEVIRAPINE,0.1596,0.2,0.2632,-0.1036,False
CHEMBL1262,OXICONAZOLE,0.1649,0.2561,0.2687,-0.1037,False
CHEMBL1200490,CETRORELIX,0.1724,0.2802,0.2762,-0.1038,False
CHEMBL550495,METHYLENE BLUE,0.1548,0.2179,0.2586,-0.1039,False
CHEMBL1201174,SITAGLIPTIN PHOSPHATE,0.2105,0.2041,0.3146,-0.1041,False
CHEMBL361506,PENTAMIDINE ISETHIONATE,0.1625,0.2581,0.2667,-0.1042,False
CHEMBL3544985,DASABUVIR SODIUM MONOHYDRATE,0.1616,0.2188,0.2658,-0.1042,False
CHEMBL609,TRIENTINE,0.0833,0.122,0.1875,-0.1042,False
CHEMBL1200345,SODIUM SUCCINATE,0.0794,0.1148,0.1837,-0.1043,False
CHEMBL1200701,DICLOXACILLIN SODIUM,0.156,0.1961,0.2604,-0.1045,False
CHEMBL3707393,OSILODROSTAT PHOSPHATE,0.2111,0.2921,0.3158,-0.1047,False
CHEMBL1237,LISINOPRIL ANHYDROUS,0.2093,0.2785,0.314,-0.1047,False
CHEMBL3989931,ENASIDENIB MESYLATE,0.1481,0.2258,0.2529,-0.1047,False
CHEMBL3989510,PENTAZOCINE HYDROCHLORIDE,0.1556,0.1807,0.2603,-0.1047,False
CHEMBL1201001,MECHLORETHAMINE HYDROCHLORIDE,0.0952,0.1556,0.2,-0.1048,False
CHEMBL1200432,METHYLDOPATE HYDROCHLORIDE,0.1644,0.2254,0.2692,-0.1048,False
CHEMBL726,FLUPHENAZINE,0.2381,0.2824,0.3429,-0.1048,False
CHEMBL3545432,IXAZOMIB CITRATE,0.1698,0.2235,0.2747,-0.1049,False
CHEMBL21,SULFANILAMIDE,0.0896,0.1324,0.1944,-0.1049,False
CHEMBL58,MITOXANTRONE,0.1154,0.2281,0.2203,-0.105,False
CHEMBL306700,VILOXAZINE,0.1605,0.2,0.2656,-0.1051,False
CHEMBL1706,NAPHAZOLINE HYDROCHLORIDE,0.141,0.2125,0.2462,-0.1051,False
CHEMBL2107124,PROTHIPENDYL HYDROCHLORIDE,0.1707,0.1972,0.2759,-0.1051,False
CHEMBL3989724,FLURAZEPAM HYDROCHLORIDE,0.2088,0.2791,0.314,-0.1052,False
CHEMBL1200728,GUANIDINE HYDROCHLORIDE,0.0448,0.0862,0.15,-0.1052,False
CHEMBL3099695,OSILODROSTAT,0.1839,0.2911,0.2892,-0.1052,False
CHEMBL1201192,ARMODAFINIL,0.1781,0.2029,0.2833,-0.1053,False
CHEMBL1201232,ISOPROPAMIDE,0.1646,0.2063,0.2698,-0.1053,False
CHEMBL1373,MODAFINIL,0.1781,0.2029,0.2833,-0.1053,False
CHEMBL188952,PIRPROFEN,0.1932,0.25,0.2985,-0.1053,False
CHEMBL1289494,TIVOZANIB,0.1818,0.2889,0.2872,-0.1054,False
CHEMBL1200920,ISOETHARINE HYDROCHLORIDE,0.131,0.1831,0.2364,-0.1054,False
CHEMBL5314380,PASIREOTIDE DIASPARTATE,0.2093,0.3128,0.3147,-0.1054,False
CHEMBL15770,SULINDAC,0.1538,0.1809,0.2593,-0.1054,False
CHEMBL278623,MACIMORELIN,0.1633,0.2222,0.2687,-0.1054,False
CHEMBL1200580,SULFOXONE SODIUM,0.1127,0.2075,0.2182,-0.1055,False
CHEMBL1200368,BENTIROMIDE,0.1848,0.3333,0.2903,-0.1055,False
CHEMBL1538,TENOFOVIR DISOPROXIL,0.125,0.1839,0.2308,-0.1058,False
CHEMBL341812,IBUFENAC,0.169,0.2333,0.275,-0.106,False
CHEMBL446,SULFAMETHAZINE,0.1481,0.2258,0.2542,-0.1061,False
CHEMBL3301611,AMIFAMPRIDINE PHOSPHATE,0.1096,0.1639,0.2157,-0.1061,False
CHEMBL856,PRIMIDONE,0.1622,0.209,0.2683,-0.1061,False
CHEMBL2064032,VONOPRAZAN FUMARATE,0.1827,0.23,0.2889,-0.1062,False
CHEMBL973,TERIFLUNOMIDE,0.24,0.3704,0.3462,-0.1062,False
CHEMBL416146,ETORICOXIB,0.2051,0.2468,0.3115,-0.1063,False
CHEMBL968,FLURAZEPAM,0.2111,0.2824,0.3176,-0.1065,False
CHEMBL1677,TACRINE HYDROCHLORIDE,0.1549,0.2344,0.2615,-0.1066,False
CHEMBL891,CLOXACILLIN,0.17,0.2474,0.2766,-0.1066,False
CHEMBL100116,PENTAZOCINE,0.1573,0.1829,0.2639,-0.1066,False
CHEMBL1206690,PARECOXIB,0.1705,0.2338,0.2771,-0.1067,False
CHEMBL855,TRIPROLIDINE,0.1948,0.3043,0.3016,-0.1068,False
CHEMBL716,QUETIAPINE,0.1685,0.2159,0.2754,-0.1068,False
CHEMBL506,PRIMAQUINE,0.1647,0.3,0.2716,-0.1069,False
CHEMBL2146146,ATROPINE SULFATE,0.2469,0.2432,0.3538,-0.1069,False
CHEMBL2364629,RIMEGEPANT SULFATE,0.1696,0.2063,0.2766,-0.107,False
CHEMBL761,NAPHAZOLINE,0.1429,0.2152,0.25,-0.1071,False
CHEMBL893,DICLOXACILLIN,0.1616,0.2021,0.2688,-0.1072,False
CHEMBL469,KETOROLAC,0.1944,0.2769,0.3019,-0.1074,False
CHEMBL750,ZONISAMIDE,0.1375,0.1571,0.2449,-0.1074,False
CHEMBL10878,AGOMELATINE,0.2051,0.375,0.3125,-0.1074,False
CHEMBL339427,TUBOCURARINE,0.1622,0.1959,0.2697,-0.1075,False
CHEMBL981,FENOFIBRIC ACID,0.1781,0.2632,0.2857,-0.1076,False
CHEMBL2145077,IVABRADINE HYDROCHLORIDE,0.1978,0.2368,0.3056,-0.1078,False
CHEMBL48582,SAFINAMIDE MESYLATE,0.2442,0.2917,0.3521,-0.1079,False
CHEMBL2111030,PROTHIPENDYL,0.1728,0.2,0.2807,-0.1079,False
CHEMBL2095209,ICOSAPENT ETHYL,0.1026,0.1528,0.2105,-0.108,False
CHEMBL3989522,EDETATE CALCIUM DISODIUM MONOHYDRATE,0.0794,0.1458,0.1875,-0.1081,False
CHEMBL365795,TIAPROFENIC ACID,0.1379,0.2167,0.2462,-0.1082,False
CHEMBL1201213,ISOETHARINE,0.1325,0.1857,0.2407,-0.1082,False
CHEMBL87992,ESLICARBAZEPINE ACETATE,0.1687,0.209,0.2769,-0.1082,False
CHEMBL62193,SULFADIMETHOXINE,0.1379,0.2073,0.2462,-0.1082,False
CHEMBL2105345,PROPANIDID,0.2143,0.3188,0.3226,-0.1083,False
CHEMBL1200787,PHENOXYBENZAMINE HYDROCHLORIDE,0.2105,0.2581,0.3188,-0.1083,False
CHEMBL16,PHENYTOIN,0.1286,0.1774,0.2368,-0.1083,False
CHEMBL1257015,PICOTAMIDE,0.2195,0.3099,0.3279,-0.1084,False
CHEMBL1909072,PIPAMAZINE,0.2527,0.3553,0.3611,-0.1084,False
CHEMBL2105758,AVATROMBOPAG MALEATE,0.1557,0.2661,0.2642,-0.1084,False
CHEMBL4596392,CRAVACITINIB,0.1827,0.2475,0.2911,-0.1084,False
CHEMBL3,NICOTINE,0.1728,0.2394,0.2812,-0.1084,False
CHEMBL3140361,ETHAMBUTOL HYDROCHLORIDE,0.0845,0.1159,0.193,-0.1085,False
CHEMBL3989406,ENALAPRILAT,0.2195,0.2933,0.3281,-0.1086,False
CHEMBL1909289,XENAZOIC ACID,0.1899,0.3729,0.2985,-0.1086,False
CHEMBL1615350,CLOMACRAN,0.175,0.2222,0.2836,-0.1086,False
CHEMBL1516474,TEGASEROD MALEATE,0.1789,0.2708,0.2877,-0.1087,False
CHEMBL3989521,ISOPROTERENOL SULFATE,0.1412,0.25,0.25,-0.1088,False
CHEMBL3989908,ENASIDENIB,0.1442,0.2247,0.253,-0.1088,False
CHEMBL25,ASPIRIN,0.169,0.2414,0.2778,-0.1088,False
CHEMBL3989698,TRANYLCYPROMINE SULFATE,0.169,0.2034,0.2778,-0.1088,False
CHEMBL529437,COCAINE HYDROCHLORIDE,0.2,0.2568,0.3088,-0.1088,False
CHEMBL2205807,ABAMETAPIR,0.1613,0.2778,0.2703,-0.109,False
CHEMBL2104793,PYROVALERONE HYDROCHLORIDE,0.1892,0.303,0.2982,-0.1091,False
CHEMBL427,MECHLORETHAMINE,0.0968,0.1591,0.2059,-0.1091,False
CHEMBL1681,IODOHIPPURATE,0.1467,0.2206,0.2558,-0.1091,False
CHEMBL397420,ACENOCOUMAROL,0.1648,0.2439,0.2742,-0.1094,False
CHEMBL1696,DESIPRAMINE HYDROCHLORIDE,0.1446,0.2656,0.254,-0.1094,False
CHEMBL3707246,OZANIMOD HYDROCHLORIDE,0.1712,0.2286,0.2807,-0.1095,False
CHEMBL268869,SULFAMETHOXYPYRIDAZINE,0.1528,0.1923,0.2623,-0.1095,False
CHEMBL1068,OXCARBAZEPINE,0.1519,0.2029,0.2615,-0.1096,False
CHEMBL3989830,SIBUTRAMINE HYDROCHLORIDE,0.1519,0.2333,0.2615,-0.1096,False
CHEMBL2103735,CETRORELIX ACETATE,0.1701,0.2837,0.2796,-0.1096,False
CHEMBL5095048,AMPHETAMINE ASPARTATE/DEXTROAMPHETAMINE SULFATE,0.1818,0.2319,0.2917,-0.1098,False
CHEMBL2110368,BETHANIDINE SULFATE,0.1688,0.2239,0.2787,-0.1099,False
CHEMBL471737,IVABRADINE,0.2,0.24,0.3099,-0.1099,False
CHEMBL1085,ACETOPHENAZINE,0.2472,0.2716,0.3571,-0.11,False
CHEMBL28333,MEDAZEPAM,0.2025,0.2597,0.3125,-0.11,False
CHEMBL508102,CARBIMAZOLE,0.1493,0.1818,0.2593,-0.11,False
CHEMBL1172,DESLORATADINE,0.1585,0.2571,0.2687,-0.1101,False
CHEMBL70418,CLOBAZAM,0.1899,0.2361,0.3,-0.1101,False
CHEMBL753,PHENOXYBENZAMINE,0.2133,0.2623,0.3235,-0.1102,False
CHEMBL2107831,LUSUTROMBOPAG,0.1475,0.2376,0.2577,-0.1102,False
CHEMBL6068343,CLOPIDOGREL HYDROBROMIDE,0.191,0.2375,0.3014,-0.1104,False
CHEMBL45,MELATONIN,0.2179,0.2687,0.3284,-0.1104,False
CHEMBL6068338,CLOPIDOGREL HYDROCHLORIDE,0.191,0.2375,0.3014,-0.1104,False
CHEMBL1200485,SORAFENIB TOSYLATE,0.1579,0.2959,0.2683,-0.1104,False
CHEMBL3707247,OZANIMOD,0.1727,0.2308,0.2832,-0.1105,False
CHEMBL44884,ETHAMBUTOL,0.0857,0.1176,0.1964,-0.1107,False
CHEMBL1200375,EDETATE CALCIUM DISODIUM ANHYDROUS,0.0806,0.1489,0.1915,-0.1108,False
CHEMBL370805,COCAINE,0.2025,0.2603,0.3134,-0.1109,False
CHEMBL295698,LEVOKETOCONAZOLE,0.2035,0.3043,0.3146,-0.1111,False
CHEMBL157101,KETOCONAZOLE,0.2035,0.3043,0.3146,-0.1111,False
CHEMBL577,ENALAPRILAT ANHYDROUS,0.2222,0.2973,0.3333,-0.1111,False
CHEMBL934,METYRAPONE,0.1429,0.2206,0.254,-0.1111,False
CHEMBL1650443,TRELAGLIPTIN,0.2667,0.2826,0.3778,-0.1111,False
CHEMBL40,PHENOBARBITAL,0.1389,0.1875,0.25,-0.1111,False
CHEMBL457,GEMFIBROZIL,0.1795,0.2615,0.2907,-0.1112,False
CHEMBL1256841,NIALAMIDE,0.2045,0.2658,0.3158,-0.1112,False
CHEMBL1098319,2-MERCAPTOETHANESULFONIC ACID,0.0725,0.1045,0.1837,-0.1112,False
CHEMBL1339,VARDENAFIL HYDROCHLORIDE,0.1635,0.2371,0.2747,-0.1113,False
CHEMBL35,FUROSEMIDE,0.1562,0.2088,0.2676,-0.1114,False
CHEMBL467,HYDROXYUREA,0.082,0.1321,0.1935,-0.1116,False
CHEMBL1200977,MILRINONE LACTATE,0.1413,0.2278,0.253,-0.1117,False
CHEMBL887,RASAGILINE,0.1625,0.2188,0.2742,-0.1117,False
CHEMBL1200851,HOMATROPINE METHYLBROMIDE,0.1852,0.2143,0.2969,-0.1117,False
CHEMBL72,DESIPRAMINE,0.1463,0.2698,0.2581,-0.1117,False
CHEMBL484785,CRISABOROLE,0.1463,0.1975,0.2581,-0.1117,False
CHEMBL1200522,AVOBENZONE,0.2344,0.3654,0.3462,-0.1118,False
CHEMBL201960,PYROVALERONE,0.1918,0.3077,0.3036,-0.1118,False
CHEMBL1584,PIPERACETAZINE,0.2717,0.3034,0.3836,-0.1118,False
CHEMBL193482,ESTRIOL,0.1573,0.1828,0.2692,-0.1119,False
CHEMBL2364617,MACIMORELIN ACETATE,0.1635,0.2151,0.2754,-0.1119,False
CHEMBL1168,RAMIPRIL,0.2022,0.2683,0.3143,-0.112,False
CHEMBL1138,EZETIMIBE,0.2111,0.2317,0.3231,-0.112,False
CHEMBL1237054,PLICAMYCIN,0.125,0.1533,0.237,-0.112,False
CHEMBL128,SUMATRIPTAN,0.1519,0.2179,0.2639,-0.112,False
CHEMBL4297534,GLASDEGIB MALEATE,0.2929,0.3093,0.4051,-0.1121,False
CHEMBL878,METOLAZONE,0.1413,0.1889,0.2535,-0.1122,False
CHEMBL908,CHLORPROTHIXENE,0.1605,0.2208,0.2727,-0.1122,False
CHEMBL1769,PROPOXYCAINE HYDROCHLORIDE,0.1928,0.3485,0.3051,-0.1123,False
CHEMBL117287,PRUCALOPRIDE,0.3261,0.3896,0.4384,-0.1123,False
CHEMBL3137312,DASABUVIR,0.1771,0.2366,0.2895,-0.1124,False
CHEMBL4204794,AVAPRITINIB,0.1569,0.2174,0.2692,-0.1124,False
CHEMBL1771,CLOPIDOGREL,0.1932,0.2405,0.3056,-0.1124,False
CHEMBL1200832,TERBINAFINE HYDROCHLORIDE,0.1236,0.1692,0.2361,-0.1125,False
CHEMBL1021,NEPAFENAC,0.1519,0.2273,0.2647,-0.1128,False
CHEMBL5314649,RITLECITINIB TOSYLATE,0.1727,0.2326,0.2857,-0.113,False
CHEMBL13280,FLUNITRAZEPAM,0.1702,0.2444,0.2833,-0.1131,False
CHEMBL317094,IMIDAPRIL,0.1957,0.2614,0.3088,-0.1132,False
CHEMBL1315867,TERBUTALINE SULFATE,0.1282,0.1781,0.2414,-0.1132,False
CHEMBL1055,CHLORTHALIDONE,0.1134,0.1765,0.2267,-0.1133,False
CHEMBL865,VALDECOXIB,0.1463,0.1944,0.2597,-0.1134,False
CHEMBL679,EPINEPHRINE,0.1266,0.2121,0.24,-0.1134,False
CHEMBL1301,HYDROXYSTILBAMIDINE,0.0988,0.2222,0.2121,-0.1134,False
CHEMBL1380,ABACAVIR,0.1398,0.2048,0.2533,-0.1135,False
CHEMBL2103883,AVATROMBOPAG,0.161,0.2762,0.2745,-0.1135,False
CHEMBL1200586,PRILOCAINE HYDROCHLORIDE,0.1605,0.2812,0.2742,-0.1137,False
CHEMBL223228,EFAVIRENZ,0.1579,0.2073,0.2716,-0.1137,False
CHEMBL1201104,METHENAMINE HIPPURATE,0.2,0.283,0.3137,-0.1137,False
CHEMBL1648,ISRADIPINE,0.1522,0.2025,0.266,-0.1138,False
CHEMBL439,SULFADIAZINE,0.1447,0.1875,0.2586,-0.1139,False
CHEMBL1419,SIBUTRAMINE,0.1558,0.2414,0.2698,-0.114,False
CHEMBL2218861,QUINAGOLIDE,0.1809,0.2045,0.2949,-0.114,False
CHEMBL13209,NITRAZEPAM,0.1628,0.2468,0.2769,-0.1141,False
CHEMBL1242,PHENAZOPYRIDINE,0.1081,0.22,0.2222,-0.1141,False
CHEMBL1201235,METHYLHOMATROPINE,0.1875,0.2174,0.3016,-0.1141,False
CHEMBL1200672,CEFPIRAMIDE SODIUM,0.1705,0.2049,0.2847,-0.1141,False
CHEMBL1711,ISOPROTERENOL HYDROCHLORIDE,0.1358,0.2319,0.25,-0.1142,False
CHEMBL939,GEFITINIB,0.2903,0.3229,0.4045,-0.1142,False
CHEMBL19236,MOXONIDINE,0.1176,0.1667,0.2319,-0.1142,False
CHEMBL1200388,CLOXACILLIN SODIUM,0.1538,0.24,0.268,-0.1142,False
CHEMBL101,PHENYLBUTAZONE,0.1918,0.2241,0.3061,-0.1143,False
CHEMBL1557,DOPAMINE HYDROCHLORIDE,0.1549,0.2128,0.2692,-0.1143,False
CHEMBL1356,SODIUM BENZOATE,0.1475,0.2167,0.2619,-0.1144,False
CHEMBL1694,BENAZEPRIL HYDROCHLORIDE,0.2105,0.25,0.325,-0.1145,False
CHEMBL626,NAFTIFINE,0.1463,0.2353,0.2609,-0.1145,False
CHEMBL897,PROBENECID,0.1486,0.2414,0.2632,-0.1145,False
CHEMBL1201103,METHOXAMINE HYDROCHLORIDE,0.2055,0.2381,0.32,-0.1145,False
CHEMBL3039514,ELBASVIR,0.1818,0.2241,0.2963,-0.1145,False
CHEMBL2178422,RIMEGEPANT,0.1776,0.2136,0.2921,-0.1146,False
CHEMBL398435,TICAGRELOR,0.1739,0.1961,0.2887,-0.1147,False
CHEMBL2111097,LEVAMLODIPINE,0.1579,0.2233,0.2727,-0.1148,False
CHEMBL1491,AMLODIPINE,0.1579,0.2233,0.2727,-0.1148,False
CHEMBL1243,SULFABENZAMIDE,0.1579,0.2414,0.2727,-0.1148,False
CHEMBL404849,SULOCTIDIL,0.1685,0.1806,0.2833,-0.1148,False
CHEMBL344159,TOLVAPTAN,0.2143,0.2963,0.3293,-0.115,False
CHEMBL3561076,TRIMETAZIDINE DIHYDROCHLORIDE,0.2237,0.2879,0.3387,-0.115,False
CHEMBL25202,TAMIBAROTENE,0.1951,0.3607,0.3103,-0.1152,False
CHEMBL3233142,LUMATEPERONE TOSYLATE,0.2182,0.3448,0.3333,-0.1152,False
CHEMBL1195,PROPOXYCAINE,0.1951,0.3538,0.3103,-0.1152,False
CHEMBL1015,EVANS BLUE FREE ACID,0.1348,0.1744,0.25,-0.1152,False
CHEMBL1201068,PROPIOMAZINE HYDROCHLORIDE,0.1724,0.2267,0.2877,-0.1153,False
CHEMBL438,SULFAMERAZINE,0.1392,0.1884,0.2545,-0.1153,False
CHEMBL1200715,HEXYLCAINE HYDROCHLORIDE,0.2,0.4035,0.3158,-0.1158,False
CHEMBL1148,TORSEMIDE,0.1717,0.2386,0.2875,-0.1158,False
CHEMBL1200843,METHYLERGONOVINE MALEATE,0.1714,0.2151,0.2874,-0.1159,False
CHEMBL1201243,IPODATE,0.1341,0.1818,0.25,-0.1159,False
CHEMBL2107519,CHLORNAPHAZINE,0.1549,0.2281,0.2708,-0.1159,False
CHEMBL783,NATEGLINIDE,0.2125,0.2714,0.3284,-0.1159,False
CHEMBL1201319,METARAMINOL,0.1389,0.1833,0.2549,-0.116,False
CHEMBL1946170,REGORAFENIB,0.1771,0.3011,0.2933,-0.1162,False
CHEMBL1256400,XYLOMETAZOLINE HYDROCHLORIDE,0.1111,0.1622,0.2273,-0.1162,False
CHEMBL1194,PRILOCAINE,0.1625,0.2857,0.2787,-0.1162,False
CHEMBL1200332,PROTRIPTYLINE HYDROCHLORIDE,0.119,0.1972,0.2353,-0.1162,False
CHEMBL1342,OXYBATE,0.0896,0.1385,0.2059,-0.1163,False
CHEMBL838,BENAZEPRIL,0.2128,0.253,0.3291,-0.1163,False
CHEMBL122,ROFECOXIB,0.1818,0.2319,0.2982,-0.1164,False
CHEMBL526,PROPOFOL,0.1159,0.1818,0.2326,-0.1166,False
CHEMBL3184799,MEPHENTERMINE SULFATE,0.1667,0.2381,0.2833,-0.1167,False
CHEMBL1082607,SALMETEROL XINAFOATE,0.1538,0.2198,0.2706,-0.1167,False
CHEMBL5315049,SITAGLIPTIN FUMARATE,0.1979,0.1979,0.3146,-0.1167,False
CHEMBL1289,HALOPROGIN,0.0946,0.1935,0.2115,-0.1169,False
CHEMBL396778,SAFINAMIDE,0.2561,0.3088,0.3731,-0.117,False
CHEMBL960,LEFLUNOMIDE,0.2069,0.4444,0.3239,-0.117,False
CHEMBL695,TRIMETHADIONE,0.0986,0.1385,0.2157,-0.1171,False
CHEMBL1201156,NORTRIPTYLINE HYDROCHLORIDE,0.1136,0.2,0.2308,-0.1171,False
CHEMBL1201210,PROPIOMAZINE,0.1744,0.2297,0.2917,-0.1172,False
CHEMBL1697760,MUZOLIMINE,0.1758,0.225,0.2931,-0.1173,False
CHEMBL7568,QUINACRINE,0.1684,0.2812,0.2857,-0.1173,False
CHEMBL1200399,BUSPIRONE HYDROCHLORIDE,0.1975,0.2308,0.3148,-0.1173,False
CHEMBL517712,ATROPINE,0.2597,0.2571,0.377,-0.1173,False
CHEMBL59,DOPAMINE,0.1571,0.2174,0.2745,-0.1174,False
CHEMBL434,ISOPROTERENOL,0.1375,0.2353,0.2549,-0.1174,False
CHEMBL203266,TRIMETAZIDINE,0.2267,0.2923,0.3443,-0.1176,False
CHEMBL1200472,QUAZEPAM,0.1443,0.2065,0.2619,-0.1176,False
CHEMBL1201108,CONIVAPTAN HYDROCHLORIDE,0.1714,0.3077,0.2892,-0.1177,False
CHEMBL1657,TAZAROTENE,0.1739,0.2727,0.2917,-0.1178,False
CHEMBL93,ZILEUTON,0.1519,0.274,0.2698,-0.1179,False
CHEMBL1177,PEMOLINE,0.1449,0.1765,0.2632,-0.1182,False
CHEMBL524,METHOXAMINE,0.2083,0.2419,0.3265,-0.1182,False
CHEMBL312448,XYLOMETAZOLINE,0.1125,0.1644,0.2308,-0.1183,False
CHEMBL223448,BROXYQUINOLINE,0.1098,0.1795,0.2281,-0.1183,False
CHEMBL2358147,CARPHENAZINE MALEATE,0.202,0.2911,0.3205,-0.1185,False
CHEMBL1640,TRYPAN BLUE,0.125,0.1807,0.2436,-0.1186,False
CHEMBL502182,ELAGOLIX SODIUM,0.2119,0.2212,0.3305,-0.1186,False
CHEMBL998,LORATADINE,0.2022,0.3086,0.321,-0.1187,False
CHEMBL1197,HEXYLCAINE,0.2027,0.4107,0.3214,-0.1187,False
CHEMBL6067650,PAROXETINE HYDROCHLORIDE,0.1648,0.253,0.2836,-0.1187,False
CHEMBL1627367,FLUOROESTRADIOL,0.1596,0.1848,0.2785,-0.1189,False
CHEMBL1214124,PERAMPANEL,0.1647,0.253,0.2836,-0.1189,False
CHEMBL4594261,FLUOROESTRADIOL F-18,0.1596,0.1848,0.2785,-0.1189,False
CHEMBL2311030,ERGOLOID MESYLATES,0.162,0.2146,0.281,-0.119,False
CHEMBL497,CLIOQUINOL,0.119,0.1875,0.2381,-0.119,False
CHEMBL70972,SERATRODAST,0.1667,0.2027,0.2857,-0.119,False
CHEMBL4066936,VERICIGUAT,0.2424,0.26,0.3614,-0.119,False
CHEMBL1693,DIETHYLPROPION HYDROCHLORIDE,0.1667,0.2727,0.2857,-0.119,False
CHEMBL1441059,ALBUTEROL SULFATE,0.1348,0.1772,0.254,-0.1191,False
CHEMBL1322884,PHENOTHRIN,0.2093,0.2564,0.3286,-0.1193,False
CHEMBL2105748,PRUCALOPRIDE SUCCINATE,0.3093,0.3659,0.4286,-0.1193,False
CHEMBL521,IBUPROFEN,0.1733,0.2258,0.2927,-0.1193,False
CHEMBL2103870,LUMACAFTOR,0.1714,0.2442,0.2907,-0.1193,False
CHEMBL175,DEXIBUPROFEN,0.1733,0.2258,0.2927,-0.1193,False
CHEMBL1525,PERMETHRIN,0.2235,0.2564,0.3429,-0.1193,False
CHEMBL1200609,PAROXETINE MESYLATE,0.2043,0.2927,0.3238,-0.1195,False
CHEMBL668,PROTRIPTYLINE,0.1205,0.2,0.24,-0.1195,False
CHEMBL1670,MITOTANE,0.1096,0.1739,0.2292,-0.1196,False
CHEMBL1755,CONIVAPTAN,0.1731,0.3117,0.2927,-0.1196,False
CHEMBL2105754,TRELAGLIPTIN SUCCINATE,0.2737,0.2626,0.3936,-0.1199,False
CHEMBL2355333,ZIMELDINE HYDROCHLORIDE,0.1605,0.2267,0.2807,-0.1202,False
CHEMBL1200601,NARATRIPTAN HYDROCHLORIDE,0.1954,0.2558,0.3158,-0.1204,False
CHEMBL445,NORTRIPTYLINE,0.1149,0.2029,0.2353,-0.1204,False
CHEMBL1200411,ROPINIROLE HYDROCHLORIDE,0.1294,0.2143,0.25,-0.1206,False
CHEMBL1200606,MEXILETINE HYDROCHLORIDE,0.1233,0.2766,0.2439,-0.1206,False
CHEMBL290960,NIFURTIMOX,0.1556,0.186,0.2763,-0.1208,False
CHEMBL779,TADALAFIL,0.1633,0.2262,0.2841,-0.1208,False
CHEMBL3187365,ASENAPINE,0.175,0.2581,0.2958,-0.1208,False
CHEMBL49,BUSPIRONE,0.2,0.2344,0.3208,-0.1208,False
CHEMBL12,DIAZEPAM,0.2125,0.2436,0.3333,-0.1208,False
CHEMBL5095039,GALLIUM GA 68 GOZETOTIDE,0.1351,0.2,0.2561,-0.121,False
CHEMBL1200950,CLIDINIUM BROMIDE,0.1667,0.2208,0.2879,-0.1212,False
CHEMBL1200413,TETRAHYDROZOLINE HYDROCHLORIDE,0.1325,0.1714,0.2537,-0.1212,False
CHEMBL6068334,SITAGLIPTIN HYDROCHLORIDE MONOHYDRATE,0.2043,0.1979,0.3256,-0.1213,False
CHEMBL188921,BUFLOMEDIL,0.2676,0.3623,0.3889,-0.1213,False
CHEMBL544,MEQUINOL,0.2222,0.2609,0.3438,-0.1215,False
CHEMBL1256696,CARBETAPENTANE CITRATE,0.1579,0.2727,0.2794,-0.1215,False
CHEMBL453,SULFISOXAZOLE,0.1205,0.1667,0.2419,-0.1215,False
CHEMBL1200825,METHADONE HYDROCHLORIDE,0.1688,0.2258,0.2903,-0.1215,False
CHEMBL1208155,ELAGOLIX,0.2174,0.2273,0.3391,-0.1217,False
CHEMBL1720,PALONOSETRON HYDROCHLORIDE,0.1724,0.2,0.2941,-0.1217,False
CHEMBL1709,SERTRALINE HYDROCHLORIDE,0.1494,0.2429,0.2712,-0.1218,False
CHEMBL1083385,CLOPIDOGREL BISULFATE,0.1848,0.2289,0.3067,-0.1219,False
CHEMBL2106439,PIPOTIAZINE PALMITATE,0.2072,0.2604,0.3291,-0.1219,False
CHEMBL1654,RISEDRONATE SODIUM,0.1507,0.2051,0.2727,-0.122,False
CHEMBL3546271,FLORTAUCIPIR,0.1481,0.2877,0.2703,-0.1221,False
CHEMBL980,GUAIFENESIN,0.2113,0.3281,0.3333,-0.1221,False
CHEMBL3545253,FLORTAUCIPIR F 18,0.1481,0.2877,0.2703,-0.1221,False
CHEMBL1278,NARATRIPTAN,0.1977,0.2588,0.32,-0.1223,False
CHEMBL589,ROPINIROLE,0.131,0.2174,0.2533,-0.1224,False
CHEMBL1200729,CHLORAMPHENICOL SODIUM SUCCINATE,0.1346,0.2024,0.2571,-0.1225,False
CHEMBL3989922,NIRAPARIB TOSYLATE MONOHYDRATE,0.1696,0.2421,0.2921,-0.1225,False
CHEMBL1201754,RUFINAMIDE,0.1899,0.2,0.3125,-0.1226,False
CHEMBL4585668,BELZUTIFAN,0.163,0.2118,0.2857,-0.1227,False
CHEMBL1194666,DIETHYLPROPION,0.169,0.2778,0.2917,-0.1227,False
CHEMBL551466,ACLIDINIUM BROMIDE,0.1648,0.2333,0.2877,-0.1228,False
CHEMBL1505,ALMOTRIPTAN,0.1786,0.2429,0.3014,-0.1228,False
CHEMBL3707243,GLYCOPYRRONIUM TOSYLATE,0.1648,0.2,0.2877,-0.1228,False
CHEMBL4297101,CEFTOBIPROLE MEDOCARIL SODIUM,0.1439,0.1655,0.2667,-0.1228,False
CHEMBL3936761,ZANUBRUTINIB,0.2418,0.2653,0.3647,-0.1229,False
CHEMBL1200636,CYCLOBENZAPRINE HYDROCHLORIDE,0.1316,0.1905,0.2545,-0.123,False
CHEMBL46917,CARBARIL,0.1625,0.2419,0.2857,-0.1232,False
CHEMBL284906,NICORANDIL,0.1647,0.2879,0.2879,-0.1232,False
CHEMBL1102,GLUTETHIMIDE,0.1558,0.2143,0.2791,-0.1232,False
CHEMBL1266,TETRAHYDROZOLINE,0.1341,0.1739,0.2576,-0.1234,False
CHEMBL1232131,DOBESILIC ACID,0.0986,0.1525,0.2222,-0.1236,False
CHEMBL620,CLIDINIUM,0.1687,0.2237,0.2923,-0.1236,False
CHEMBL490,PAROXETINE,0.1685,0.2593,0.2923,-0.1238,False
CHEMBL1200487,ETHACRYNATE SODIUM,0.1429,0.2179,0.2667,-0.1238,False
CHEMBL1079742,ERLOTINIB HYDROCHLORIDE,0.1458,0.225,0.2697,-0.1238,False
CHEMBL2364968,ERGOLOID,0.1667,0.2186,0.2906,-0.1239,False
CHEMBL1200972,CHLOPHEDIANOL HYDROCHLORIDE,0.1538,0.2154,0.2778,-0.1239,False
CHEMBL3707330,ROLAPITANT HYDROCHLORIDE,0.1837,0.2,0.3077,-0.124,False
CHEMBL651,METHADONE,0.1711,0.2295,0.2951,-0.124,False
CHEMBL1189679,PALONOSETRON,0.1744,0.2024,0.2985,-0.1241,False
CHEMBL3989529,ETHANOLAMINE OLEATE,0.1023,0.1806,0.2264,-0.1241,False
CHEMBL3707248,VALBENAZINE TOSYLATE,0.1818,0.2155,0.3059,-0.1241,False
CHEMBL1200771,TRIDIHEXETHYL CHLORIDE,0.1667,0.1948,0.2909,-0.1242,False
CHEMBL1477274,MEPTAZINOL HYDROCHLORIDE,0.1573,0.2571,0.2817,-0.1244,False
CHEMBL1201153,ISOETHARINE MESYLATE,0.1379,0.1892,0.2623,-0.1244,False
CHEMBL1422,SITAGLIPTIN,0.2088,0.2021,0.3333,-0.1245,False
CHEMBL64894,GENTIAN VIOLET,0.1351,0.2097,0.26,-0.1249,False
CHEMBL558,MEXILETINE,0.125,0.2826,0.25,-0.125,False
CHEMBL1194325,ACLIDINIUM,0.1667,0.236,0.2917,-0.125,False
CHEMBL316157,CEPHALORIDINE,0.1792,0.2093,0.3043,-0.1251,False
CHEMBL427216,GLICLAZIDE,0.1605,0.2254,0.2857,-0.1252,False
CHEMBL3137327,OMEGA-3-CARBOXYLIC ACIDS,0.1111,0.1733,0.2364,-0.1253,False
CHEMBL315985,ESLICARBAZEPINE,0.1558,0.1912,0.2812,-0.1254,False
CHEMBL553,ERLOTINIB,0.1474,0.2278,0.2727,-0.1254,False
CHEMBL267744,TICRYNAFEN,0.1429,0.2152,0.2687,-0.1258,False
CHEMBL669,CYCLOBENZAPRINE,0.1333,0.1935,0.2593,-0.1259,False
CHEMBL614,PYRAZINAMIDE,0.1286,0.1739,0.2545,-0.126,False
CHEMBL2368925,DOLASETRON,0.1596,0.1954,0.2857,-0.1261,False
CHEMBL1219,RABEPRAZOLE,0.1633,0.1935,0.2895,-0.1262,False
CHEMBL730,NITROGLYCERIN,0.0556,0.1067,0.1818,-0.1263,False
CHEMBL1200377,AMPHETAMINE ASPARTATE,0.1918,0.2273,0.3182,-0.1264,False
CHEMBL37744,ZIMELDINE,0.1646,0.2329,0.2909,-0.1264,False
CHEMBL2043437,GLASDEGIB,0.3118,0.3297,0.4384,-0.1265,False
CHEMBL462547,URETHANE,0.1061,0.1667,0.2326,-0.1265,False
CHEMBL826,ENOXACIN,0.1935,0.2759,0.32,-0.1265,False
CHEMBL314437,MEPTAZINOL,0.1591,0.2609,0.2857,-0.1266,False
CHEMBL1714574,TERCONAZOLE,0.1826,0.2358,0.3093,-0.1267,False
CHEMBL1200596,CHLOROXINE,0.1233,0.1967,0.25,-0.1267,False
CHEMBL1200890,OXYCODONE HYDROCHLORIDE,0.1959,0.2444,0.3229,-0.127,False
CHEMBL18442,PLERIXAFOR,0.254,0.3333,0.381,-0.127,False
CHEMBL1200772,WARFARIN POTASSIUM,0.1765,0.2024,0.3036,-0.1271,False
CHEMBL1200879,WARFARIN SODIUM,0.1765,0.2024,0.3036,-0.1271,False
CHEMBL3181947,BROMFENAC SODIUM,0.1304,0.1918,0.2576,-0.1271,False
CHEMBL3301668,CARBETOCIN,0.1894,0.295,0.3166,-0.1272,False
CHEMBL1201313,CHLOPHEDIANOL,0.1558,0.2188,0.283,-0.1272,False
CHEMBL206253,NETUPITANT,0.2019,0.3412,0.3291,-0.1272,False
CHEMBL284348,DALFAMPRIDINE,0.1096,0.1552,0.2368,-0.1273,False
CHEMBL944,CHLOROPROCAINE HYDROCHLORIDE,0.1707,0.303,0.2982,-0.1275,False
CHEMBL1692,IMIPRAMINE HYDROCHLORIDE,0.1688,0.25,0.2963,-0.1275,False
CHEMBL118,CELECOXIB,0.1512,0.2469,0.2787,-0.1275,False
CHEMBL3989843,TRANYLCYPROMINE,0.1324,0.1818,0.26,-0.1276,False
CHEMBL1324,TOLCAPONE,0.1266,0.2188,0.2542,-0.1277,False
CHEMBL700,SULFAPYRIDINE,0.1266,0.169,0.2542,-0.1277,False
CHEMBL207538,BREXANOLONE,0.1059,0.1609,0.2338,-0.1279,False
CHEMBL1201340,DIPHEMANIL,0.1268,0.1884,0.2549,-0.1281,False
CHEMBL656,OXYCODONE,0.1979,0.2472,0.3261,-0.1282,False
CHEMBL3707331,ROLAPITANT,0.1875,0.2041,0.3158,-0.1283,False
CHEMBL2104095,CHOLINE SALICYLATE,0.131,0.169,0.2593,-0.1283,False
CHEMBL1201060,LOXAPINE HYDROCHLORIDE,0.2048,0.2692,0.3333,-0.1285,False
CHEMBL1200322,ESCITALOPRAM OXALATE,0.1848,0.3133,0.3133,-0.1285,False
CHEMBL1201022,PHENAZOPYRIDINE HYDROCHLORIDE,0.1067,0.2157,0.2353,-0.1286,False
CHEMBL6067998,LASOFOXIFENE TARTRATE,0.2444,0.3544,0.3733,-0.1289,False
CHEMBL1201356,METHYLERGONOVINE,0.1792,0.2159,0.3086,-0.1294,False
CHEMBL1200323,LABETALOL HYDROCHLORIDE,0.1705,0.2278,0.3,-0.1295,False
CHEMBL456,ETHACRYNIC ACID,0.1463,0.24,0.2759,-0.1295,False
CHEMBL1204165,DILEVALOL HYDROCHLORIDE,0.1705,0.2278,0.3,-0.1295,False
CHEMBL1201354,TRIDIHEXETHYL,0.1667,0.1974,0.2963,-0.1296,False
CHEMBL277062,BROMAZEPAM,0.1412,0.2024,0.2712,-0.13,False
CHEMBL313972,MASOPROCOL,0.1389,0.1774,0.2692,-0.1303,False
CHEMBL386630,TESTOSTERONE,0.1264,0.1579,0.2568,-0.1303,False
CHEMBL3137326,DEUTETRABENAZINE,0.1932,0.2162,0.3235,-0.1303,False
CHEMBL2096631,CLORAZEPATE DIPOTASSIUM,0.1839,0.2078,0.3143,-0.1304,False
CHEMBL1113,AMOXAPINE,0.1829,0.2692,0.3134,-0.1305,False
CHEMBL1201013,OLSALAZINE SODIUM,0.1067,0.1613,0.2373,-0.1306,False
CHEMBL452,CLONAZEPAM,0.134,0.2222,0.2647,-0.1307,False
CHEMBL1200585,OXYMETHOLONE,0.129,0.1538,0.2597,-0.1307,False
CHEMBL1179047,CHLOROPROCAINE,0.1728,0.3077,0.3036,-0.1307,False
CHEMBL1779710,EVOGLIPTIN,0.1875,0.2,0.3182,-0.1307,False
CHEMBL11,IMIPRAMINE,0.1711,0.2535,0.3019,-0.1308,False
CHEMBL1200493,NAFTIFINE HYDROCHLORIDE,0.1446,0.2319,0.2754,-0.1308,False
CHEMBL1336,SORAFENIB,0.1633,0.3218,0.2941,-0.1309,False
CHEMBL1271,PENTOLINIUM,0.0606,0.1558,0.1915,-0.1309,False
CHEMBL3989844,DEXTROAMPHETAMINE SACCHARATE,0.1944,0.25,0.3256,-0.1311,False
CHEMBL831,LOXAPINE,0.2073,0.2727,0.3385,-0.1311,False
CHEMBL3578202,GOZETOTIDE,0.1415,0.2105,0.2727,-0.1312,False
CHEMBL5416410,DASATINIB,0.2019,0.3333,0.3333,-0.1314,False
CHEMBL1204187,GEPIRONE HYDROCHLORIDE,0.1954,0.2188,0.3269,-0.1315,False
CHEMBL418995,AMINEPTINE,0.1875,0.2388,0.3191,-0.1316,False
CHEMBL1200420,MIDAZOLAM HYDROCHLORIDE,0.1667,0.2333,0.2985,-0.1318,False
CHEMBL27193,DILEVALOL,0.1724,0.2308,0.3043,-0.1319,False
CHEMBL429,LABETALOL,0.1724,0.2308,0.3043,-0.1319,False
CHEMBL1200705,HYDROXYAMPHETAMINE HYDROBROMIDE,0.1389,0.2167,0.2708,-0.1319,False
CHEMBL515,CHLORAMBUCIL,0.1757,0.2963,0.3077,-0.132,False
CHEMBL1200873,PHENTOLAMINE MESYLATE,0.1556,0.2442,0.2877,-0.1321,False
CHEMBL1201328,CARPHENAZINE,0.2151,0.2973,0.3472,-0.1322,False
CHEMBL421701,DITHIAZANINE IODIDE,0.0928,0.1461,0.225,-0.1322,False
CHEMBL1200550,ANTAZOLINE PHOSPHATE,0.2125,0.2394,0.3448,-0.1323,False
CHEMBL419,MAFENIDE,0.1176,0.2791,0.25,-0.1324,False
CHEMBL2105704,LENVATINIB MESYLATE,0.1845,0.2885,0.3168,-0.1324,False
CHEMBL2103736,FENOPROFEN CALCIUM,0.1842,0.3231,0.3167,-0.1325,False
CHEMBL1220,TINIDAZOLE,0.122,0.1807,0.2545,-0.1326,False
CHEMBL345524,ANTRAFENINE,0.2358,0.2857,0.3684,-0.1326,False
CHEMBL1444,LETROZOLE,0.1529,0.2099,0.2857,-0.1328,False
CHEMBL661,ALPRAZOLAM,0.1687,0.2338,0.3016,-0.1329,False
CHEMBL94394,BUFEXAMAC,0.194,0.3231,0.3269,-0.1329,False
CHEMBL1200707,BENZQUINAMIDE HYDROCHLORIDE,0.1959,0.2292,0.3288,-0.1329,False
CHEMBL537,HYDROQUINONE,0.0833,0.1026,0.2162,-0.1329,False
CHEMBL485696,SULFISOMIDINE,0.1294,0.209,0.2623,-0.1329,False
CHEMBL1200993,GALLAMINE TRIETHIODIDE,0.1558,0.24,0.2889,-0.133,False
CHEMBL3989806,IODIPAMIDE MEGLUMINE,0.1429,0.1818,0.2759,-0.133,False
CHEMBL1421,DASATINIB ANHYDROUS,0.2039,0.3368,0.3371,-0.1332,False
CHEMBL1201147,OCTOCRYLENE,0.1667,0.2105,0.3,-0.1333,False
CHEMBL408513,BELINOSTAT,0.1444,0.2899,0.2778,-0.1333,False
CHEMBL5314588,PERFLUOROHEXYLOCTANE,0.1111,0.1642,0.2444,-0.1333,False
CHEMBL3989826,OXYCODONE TEREPHTHALATE,0.1863,0.2442,0.3196,-0.1333,False
CHEMBL923,RISEDRONIC ACID,0.1618,0.2192,0.2951,-0.1333,False
CHEMBL1200424,PENTETATE ZINC TRISODIUM,0.0794,0.1538,0.2128,-0.1334,False
CHEMBL1200945,PENTETATE CALCIUM TRISODIUM,0.0794,0.1538,0.2128,-0.1334,False
CHEMBL1297,FENOPROFEN,0.2055,0.3443,0.3393,-0.1338,False
CHEMBL1201131,PIPERONYL BUTOXIDE,0.1519,0.2319,0.2857,-0.1338,False
CHEMBL1185568,DITHIAZANINE,0.0938,0.1477,0.2278,-0.1341,False
CHEMBL655,MIDAZOLAM,0.1685,0.236,0.303,-0.1345,False
CHEMBL728,PROCHLORPERAZINE,0.25,0.2899,0.3846,-0.1346,False
CHEMBL677,LEVONORDEFRIN,0.1154,0.1692,0.25,-0.1346,False
CHEMBL1200464,PROPARACAINE HYDROCHLORIDE,0.1928,0.3968,0.3276,-0.1348,False
CHEMBL16073,PHENACETIN,0.2113,0.3878,0.3462,-0.1349,False
CHEMBL1077,BROMFENAC,0.1348,0.2174,0.2698,-0.135,False
CHEMBL1200517,DIHYDROERGOTAMINE MESYLATE,0.1885,0.1917,0.3235,-0.135,False
CHEMBL382301,ATOSIBAN,0.1655,0.2732,0.3005,-0.135,False
CHEMBL1200750,PROMETHAZINE HYDROCHLORIDE,0.16,0.1875,0.2951,-0.1351,False
CHEMBL498,CHLORPROPAMIDE,0.1579,0.2885,0.2931,-0.1352,False
CHEMBL1103,FURAZOLIDONE,0.1463,0.1852,0.2817,-0.1353,False
CHEMBL1201250,BENZQUINAMIDE,0.1979,0.2316,0.3333,-0.1354,False
CHEMBL5314600,TIRABRUTINIB HYDROCHLORIDE,0.2323,0.268,0.3678,-0.1355,False
CHEMBL2023895,HYDROXYSTILBAMIDINE ISETHIONATE,0.1111,0.2055,0.2466,-0.1355,False
CHEMBL1133,OXYBUTYNIN CHLORIDE,0.1978,0.2368,0.3333,-0.1355,False
CHEMBL781,MAZINDOL,0.1566,0.2329,0.2923,-0.1357,False
CHEMBL284092,GEPIRONE,0.1977,0.2222,0.3333,-0.1357,False
CHEMBL443,SULFAMETHOXAZOLE,0.131,0.175,0.2667,-0.1357,False
CHEMBL1200595,CHLORPHENTERMINE HYDROCHLORIDE,0.1642,0.2667,0.3,-0.1358,False
CHEMBL1546,HYDROXYAMPHETAMINE,0.1408,0.2203,0.2766,-0.1358,False
CHEMBL14060,PHENOL,0.1333,0.16,0.2692,-0.1359,False
CHEMBL1201787,LAPYRIUM CHLORIDE,0.125,0.1711,0.2609,-0.1359,False
CHEMBL2146102,EPHEDRINE HYDROCHLORIDE,0.1714,0.2222,0.3077,-0.1363,False
CHEMBL1200724,PSEUDOEPHEDRINE HYDROCHLORIDE,0.1714,0.2222,0.3077,-0.1363,False
CHEMBL509,MECLOFENAMIC ACID,0.1538,0.2533,0.2903,-0.1365,False
CHEMBL4297585,TRIHEPTANOIN,0.1176,0.137,0.2542,-0.1366,False
CHEMBL273575,NOMIFENSINE,0.1646,0.2121,0.3019,-0.1373,False
CHEMBL4071161,TIRABRUTINIB,0.2347,0.2708,0.3721,-0.1374,False
CHEMBL1678,DONEPEZIL HYDROCHLORIDE,0.2625,0.3375,0.4,-0.1375,False
CHEMBL1201117,METHOCARBAMOL,0.2133,0.3235,0.3509,-0.1375,False
CHEMBL360055,GALLAMINE,0.1579,0.2449,0.2955,-0.1376,False
CHEMBL4297223,MITAPIVAT SULFATE,0.1957,0.2626,0.3333,-0.1377,False
CHEMBL1201035,BIPERIDEN HYDROCHLORIDE,0.2208,0.2763,0.3585,-0.1377,False
CHEMBL643,PROMETHAZINE,0.1622,0.1905,0.3,-0.1378,False
CHEMBL1191,SULFAMETHIZOLE,0.1081,0.1646,0.2459,-0.1378,False
CHEMBL697,METHSUXIMIDE,0.1622,0.2222,0.3,-0.1378,False
CHEMBL1464,WARFARIN,0.1829,0.2099,0.3208,-0.1378,False
CHEMBL1200781,CITALOPRAM HYDROBROMIDE,0.1562,0.284,0.2941,-0.1379,False
CHEMBL1094636,NIRAPARIB,0.1771,0.2211,0.3151,-0.138,False
CHEMBL1196,PROPARACAINE,0.1951,0.4032,0.3333,-0.1382,False
CHEMBL3137329,PEFICITINIB HYDROBROMIDE,0.1684,0.175,0.3067,-0.1382,False
CHEMBL1201786,LAPYRIUM,0.1263,0.1733,0.2647,-0.1384,False
CHEMBL1889140,ROPIVACAINE HYDROCHLORIDE,0.2209,0.2703,0.3594,-0.1384,False
CHEMBL4303232,CEFOTIAM HYDROCHLORIDE,0.1538,0.1636,0.2923,-0.1385,False
CHEMBL2107011,OXYPERTINE,0.2381,0.2949,0.3768,-0.1387,False
CHEMBL1998966,PIFOXIME,0.2297,0.3279,0.3684,-0.1387,False
CHEMBL1231,OXYBUTYNIN,0.2,0.24,0.3387,-0.1387,False
CHEMBL918,PHENACEMIDE,0.169,0.2857,0.3077,-0.1387,False
CHEMBL817,TOLAZAMIDE,0.1842,0.2615,0.3231,-0.1389,False
CHEMBL688,FENTANYL CITRATE,0.2247,0.3253,0.3636,-0.1389,False
CHEMBL1201000,NITROFURANTOIN SODIUM,0.1348,0.1529,0.274,-0.1391,False
CHEMBL1200749,LEVOBUPIVACAINE HYDROCHLORIDE,0.2299,0.2564,0.3692,-0.1393,False
CHEMBL1328,PENTAGASTRIN,0.1545,0.3277,0.2938,-0.1393,False
CHEMBL1200396,BUPIVACAINE HYDROCHLORIDE,0.2299,0.2564,0.3692,-0.1393,False
CHEMBL1296,CEFOTIAM,0.1552,0.1651,0.2946,-0.1394,False
CHEMBL130,CHLORAMPHENICOL,0.1585,0.2329,0.2982,-0.1397,False
CHEMBL1289601,LENVATINIB,0.19,0.3,0.3299,-0.1399,False
CHEMBL502,DONEPEZIL,0.2658,0.3418,0.4058,-0.14,False
CHEMBL2105745,GLYCEROL PHENYLBUTYRATE,0.1711,0.2424,0.3111,-0.1401,False
CHEMBL1200613,TOLMETIN SODIUM,0.1358,0.254,0.2759,-0.1401,False
CHEMBL437,SULFATHIAZOLE,0.1098,0.1728,0.25,-0.1402,False
CHEMBL388590,BENZBROMARONE,0.1744,0.25,0.3148,-0.1404,False
CHEMBL572,NITROFURANTOIN,0.1413,0.1707,0.2817,-0.1404,False
CHEMBL686,MEFENAMIC ACID,0.1558,0.2222,0.2963,-0.1405,False
CHEMBL1508,ESCITALOPRAM,0.1579,0.2875,0.2985,-0.1406,False
CHEMBL1213252,CLORAZEPIC ACID,0.1928,0.2192,0.3333,-0.1406,False
CHEMBL3137308,PEFICITINIB,0.1702,0.1772,0.3108,-0.1406,False
CHEMBL549,CITALOPRAM,0.1579,0.2875,0.2985,-0.1406,False
CHEMBL125,MILTEFOSINE,0.0833,0.1507,0.2241,-0.1408,False
CHEMBL1107,HALOFANTRINE,0.2062,0.2561,0.3472,-0.141,False
CHEMBL1201269,CHLORPHENTERMINE,0.1667,0.2727,0.3077,-0.141,False
CHEMBL1121,SINCALIDE,0.1557,0.3444,0.2967,-0.141,False
CHEMBL1201038,ACRISORCIN,0.1609,0.2933,0.3019,-0.141,False
CHEMBL970,HALAZEPAM,0.1839,0.2262,0.325,-0.1411,False
CHEMBL2106939,POLIHEXANIDE,0.0941,0.1739,0.2353,-0.1412,False
CHEMBL1374379,BENZONATATE,0.1538,0.2903,0.2951,-0.1412,False
CHEMBL1237132,CLEVIDIPINE,0.163,0.1977,0.3043,-0.1413,False
CHEMBL50588,EMETINE,0.1684,0.2059,0.3099,-0.1414,False
CHEMBL1077896,ROPIVACAINE,0.2235,0.274,0.3651,-0.1415,False
CHEMBL1697856,BUCETIN,0.1688,0.3636,0.3103,-0.1415,False
CHEMBL1101,BIPERIDEN,0.2237,0.28,0.3654,-0.1417,False
CHEMBL1615487,IODOXAMIC ACID,0.1236,0.1857,0.2653,-0.1417,False
CHEMBL1732,DIHYDROERGOTAMINE,0.1949,0.1983,0.3367,-0.1418,False
CHEMBL1590,PSEUDOEPHEDRINE,0.1739,0.2264,0.3158,-0.1419,False
CHEMBL211456,EPHEDRINE,0.1739,0.2264,0.3158,-0.1419,False
CHEMBL1098,BUPIVACAINE,0.2326,0.2597,0.375,-0.1424,False
CHEMBL1201193,LEVOBUPIVACAINE,0.2326,0.2597,0.375,-0.1424,False
CHEMBL177367,SILVER NITRATE,0.0299,0.0893,0.1724,-0.1426,False
CHEMBL1644029,POTASSIUM NITRATE,0.0299,0.0893,0.1724,-0.1426,False
CHEMBL3301670,DIFEMERINE HYDROCHLORIDE,0.1842,0.2424,0.3269,-0.1427,False
CHEMBL1594,PANTOTHENIC ACID,0.1154,0.1538,0.2581,-0.1427,False
CHEMBL1255654,TETRACAINE HYDROCHLORIDE,0.1605,0.3333,0.3036,-0.1431,False
CHEMBL295124,BERBERINE,0.1613,0.2405,0.3043,-0.1431,False
CHEMBL1201003,ELETRIPTAN HYDROBROMIDE,0.19,0.234,0.3333,-0.1433,False
CHEMBL1201043,CEPHAPIRIN SODIUM,0.1727,0.2105,0.3162,-0.1435,False
CHEMBL565,CLOFIBRATE,0.1667,0.2687,0.3103,-0.1437,False
CHEMBL1200440,MEPIVACAINE HYDROCHLORIDE,0.2169,0.2676,0.3607,-0.1438,False
CHEMBL4299940,MITAPIVAT,0.2022,0.2688,0.3462,-0.1439,False
CHEMBL1200947,METIPRANOLOL HYDROCHLORIDE,0.1395,0.2278,0.2836,-0.144,False
CHEMBL1200387,AMPHETAMINE ADIPATE,0.1892,0.2344,0.3333,-0.1441,False
CHEMBL1200782,DEXTROAMPHETAMINE ADIPATE,0.1892,0.2344,0.3333,-0.1441,False
CHEMBL1200665,DIPHENOXYLATE HYDROCHLORIDE,0.2273,0.2805,0.3714,-0.1442,False
CHEMBL969,PRAZEPAM,0.1975,0.2472,0.3418,-0.1442,False
CHEMBL232201,BENZIODARONE,0.1765,0.2078,0.3208,-0.1443,False
CHEMBL33986,BUTORPHANOL,0.1744,0.1935,0.3187,-0.1443,False
CHEMBL1475,TRIOXSALEN,0.1333,0.1642,0.2778,-0.1444,False
CHEMBL189,MILRINONE,0.122,0.2222,0.2667,-0.1447,False
CHEMBL1200970,ETHOPROPAZINE HYDROCHLORIDE,0.141,0.1642,0.2857,-0.1447,False
CHEMBL1200467,HYDROXYZINE PAMOATE,0.1887,0.2473,0.3333,-0.1447,False
CHEMBL1510,ELETRIPTAN,0.1919,0.2366,0.3372,-0.1453,False
CHEMBL1628234,DOXEPIN HYDROCHLORIDE,0.1429,0.1852,0.2881,-0.1453,False
CHEMBL258918,MESTEROLONE,0.1461,0.1461,0.2917,-0.1456,False
CHEMBL1200773,TOCAINIDE HYDROCHLORIDE,0.1757,0.2295,0.3214,-0.1458,False
CHEMBL2103744,MORPHINE SULFATE,0.15,0.1789,0.2959,-0.1459,False
CHEMBL2364639,VALBENAZINE,0.1919,0.2286,0.3378,-0.1459,False
CHEMBL3306803,LUMATEPERONE,0.2396,0.3947,0.3857,-0.1461,False
CHEMBL1200523,CEFAZOLIN SODIUM,0.1441,0.1589,0.2903,-0.1463,False
CHEMBL698,TETRACAINE,0.1625,0.3387,0.3091,-0.1466,False
CHEMBL1291,METIPRANOLOL,0.1412,0.2308,0.2879,-0.1467,False
CHEMBL3304486,DIFEMERINE,0.1867,0.2462,0.3333,-0.1467,False
CHEMBL5315050,ATOSIBAN ACETATE,0.1622,0.2754,0.3088,-0.1467,False
CHEMBL1712842,MEPAZINE ACETATE,0.2169,0.2603,0.3636,-0.1468,False
CHEMBL473417,VISMODEGIB,0.1562,0.2949,0.303,-0.1468,False
CHEMBL1436,CEFUROXIME,0.181,0.2121,0.3277,-0.1468,False
CHEMBL1201294,DIPHENOXYLATE,0.2299,0.284,0.3768,-0.1469,False
CHEMBL2105458,THENALIDINE,0.2125,0.2603,0.3594,-0.1469,False
CHEMBL1200494,GUANFACINE HYDROCHLORIDE,0.1412,0.2264,0.2881,-0.147,False
CHEMBL299400,BUTORPHANOL TARTRATE,0.1828,0.2143,0.3299,-0.1471,False
CHEMBL1465,PHENPROCOUMON,0.1667,0.2083,0.3137,-0.1471,False
CHEMBL4164059,PITOLISANT HYDROCHLORIDE,0.2785,0.4717,0.4255,-0.1471,False
CHEMBL1087,MEPIVACAINE,0.2195,0.2714,0.3667,-0.1472,False
CHEMBL4085457,RITLECITINIB,0.1818,0.2093,0.3291,-0.1473,False
CHEMBL1200904,SELEGILINE HYDROCHLORIDE,0.1781,0.2295,0.3256,-0.1475,False
CHEMBL1206,ETHOPROPAZINE,0.1429,0.1667,0.2903,-0.1475,False
CHEMBL25105,HEXAMIDINE,0.1714,0.2692,0.3191,-0.1477,False
CHEMBL55,PENTAMIDINE,0.1714,0.2692,0.3191,-0.1477,False
CHEMBL710,FINASTERIDE,0.1522,0.1792,0.3,-0.1478,False
CHEMBL56564,TROPISETRON,0.1798,0.241,0.3279,-0.1481,False
CHEMBL1086,DIBUCAINE,0.1809,0.3611,0.3289,-0.1481,False
CHEMBL573,NIACIN,0.1429,0.2373,0.2909,-0.1481,False
CHEMBL1446813,BETAHISTINE HYDROCHLORIDE,0.1325,0.2429,0.2807,-0.1482,False
CHEMBL39736,BUFORMIN,0.0964,0.1791,0.2449,-0.1485,False
CHEMBL1628227,DOXEPIN,0.1446,0.1875,0.2931,-0.1485,False
CHEMBL76370,TEGASEROD,0.1648,0.2609,0.3134,-0.1486,False
CHEMBL2106195,DEXMEDETOMIDINE HYDROCHLORIDE,0.1013,0.1857,0.25,-0.1487,False
CHEMBL413965,FELBINAC,0.2333,0.3529,0.3824,-0.149,False
CHEMBL942,BISACODYL,0.1842,0.2429,0.3333,-0.1491,False
CHEMBL715,OLANZAPINE,0.1744,0.2647,0.3235,-0.1491,False
CHEMBL1237102,LEVOCABASTINE HYDROCHLORIDE,0.2088,0.3176,0.358,-0.1492,False
CHEMBL1762,TOCAINIDE,0.1781,0.2333,0.3273,-0.1492,False
CHEMBL1562610,MECLOFENAMATE SODIUM,0.1277,0.2436,0.2769,-0.1493,False
CHEMBL3989562,TERAZOSIN HYDROCHLORIDE,0.2,0.3043,0.3494,-0.1494,False
CHEMBL1201325,HEXOCYCLIUM,0.2024,0.2208,0.3519,-0.1495,False
CHEMBL929,DELAVIRDINE MESYLATE,0.1753,0.24,0.325,-0.1497,False
CHEMBL535650,MEFLOQUINE HYDROCHLORIDE,0.1579,0.2439,0.3077,-0.1498,False
CHEMBL862,GUANFACINE,0.1429,0.2308,0.2931,-0.1502,False
CHEMBL229128,MEPHENESIN,0.1831,0.3125,0.3333,-0.1502,False
CHEMBL1200828,CYCRIMINE HYDROCHLORIDE,0.2571,0.3188,0.4074,-0.1503,False
CHEMBL1761,PROCYCLIDINE HYDROCHLORIDE,0.2571,0.3188,0.4074,-0.1503,False
CHEMBL1092,TRIHEXYPHENIDYL HYDROCHLORIDE,0.2571,0.3188,0.4074,-0.1503,False
CHEMBL56367,NIMESULIDE,0.1829,0.2533,0.3333,-0.1504,False
CHEMBL119,TRIMETREXATE,0.1522,0.24,0.3026,-0.1505,False
CHEMBL645,BISOPROLOL,0.1975,0.2388,0.3485,-0.151,False
CHEMBL1200597,ETIDOCAINE HYDROCHLORIDE,0.1412,0.2319,0.2923,-0.1511,False
CHEMBL73234,CARBETAPENTANE,0.1765,0.3134,0.3276,-0.1511,False
CHEMBL3989725,LODOXAMIDE TROMETHAMINE,0.1304,0.2429,0.2817,-0.1513,False
CHEMBL1615438,LEVOCABASTINE,0.2111,0.3214,0.3625,-0.1514,False
CHEMBL24441,BETAHISTINE,0.1341,0.2464,0.2857,-0.1516,False
CHEMBL1200543,ANILERIDINE PHOSPHATE,0.2706,0.2763,0.4225,-0.1519,False
CHEMBL1201281,CHLORAMPHENICOL SUCCINIC ACID,0.1359,0.2195,0.2879,-0.152,False
CHEMBL593,DELAVIRDINE,0.1771,0.2424,0.3291,-0.152,False
CHEMBL416956,MEFLOQUINE,0.1596,0.2469,0.3117,-0.1521,False
CHEMBL1697686,CLOFOREX,0.1867,0.2903,0.339,-0.1523,False
CHEMBL778,DEXMEDETOMIDINE,0.1026,0.1884,0.2549,-0.1523,False
CHEMBL1164729,FEBUXOSTAT,0.1685,0.2468,0.321,-0.1524,False
CHEMBL1200405,BITOLTEROL MESYLATE,0.1444,0.2568,0.2969,-0.1524,False
CHEMBL462605,PITOLISANT,0.2821,0.4808,0.4348,-0.1527,False
CHEMBL328190,LASOFOXIFENE,0.2472,0.375,0.4,-0.1528,False
CHEMBL972,SELEGILINE,0.1806,0.2333,0.3333,-0.1528,False
CHEMBL1480,FELODIPINE,0.1765,0.2083,0.3294,-0.1529,False
CHEMBL21869,DIBROMSALAN,0.1667,0.2581,0.32,-0.1533,False
CHEMBL611,TERAZOSIN,0.2045,0.3111,0.358,-0.1535,False
CHEMBL3187246,METHAPYRILENE FUMARATE,0.1798,0.2667,0.3333,-0.1536,False
CHEMBL1318287,PENTOLINIUM TARTRATE,0.0964,0.1839,0.25,-0.1536,False
CHEMBL1697768,SODIUM PICOSULFATE,0.1481,0.1875,0.3019,-0.1537,False
CHEMBL405110,METHYLENE BLUE ANHYDROUS,0.1507,0.2239,0.3043,-0.1537,False
CHEMBL70,MORPHINE,0.1474,0.1648,0.3011,-0.1537,False
CHEMBL1741134,PICOSULFURIC ACID,0.1538,0.2063,0.3077,-0.1538,False
CHEMBL400599,BENFLUOREX,0.2235,0.3158,0.3774,-0.1538,False
CHEMBL1134,DECAMETHONIUM BROMIDE,0.0462,0.0667,0.2,-0.1538,False
CHEMBL1200426,METHIXENE HYDROCHLORIDE,0.1687,0.2192,0.3226,-0.1539,False
CHEMBL492,ETIDOCAINE,0.1429,0.2353,0.2969,-0.154,False
CHEMBL251940,PERICIAZINE,0.2174,0.3214,0.3714,-0.154,False
CHEMBL1490,TRIHEXYPHENIDYL,0.2609,0.3235,0.4151,-0.1542,False
CHEMBL1472989,BISOPROLOL FUMARATE,0.2069,0.2639,0.3611,-0.1542,False
CHEMBL1201227,CYCRIMINE,0.2609,0.3235,0.4151,-0.1542,False
CHEMBL86715,PROCYCLIDINE,0.2609,0.3235,0.4151,-0.1542,False
CHEMBL1200654,BENOXINATE HYDROCHLORIDE,0.1905,0.3692,0.3448,-0.1544,False
CHEMBL1632,CEPHALOTHIN SODIUM,0.17,0.2444,0.3246,-0.1546,False
CHEMBL259571,TAPINAROF,0.137,0.2623,0.2917,-0.1547,False
CHEMBL1983350,STIRIPENTOL,0.1266,0.2319,0.2812,-0.1547,False
CHEMBL1454910,NITROXOLINE,0.131,0.1944,0.2857,-0.1548,False
CHEMBL276520,INDALPINE,0.1529,0.1912,0.3077,-0.1548,False
CHEMBL1909285,NITREFAZOLE,0.1628,0.25,0.3182,-0.1554,False
CHEMBL1711280,DOTHIEPIN HYDROCHLORIDE,0.1279,0.1818,0.2833,-0.1554,False
CHEMBL2079130,VONOPRAZAN,0.1616,0.25,0.3171,-0.1555,False
CHEMBL1200874,TOLBUTAMIDE SODIUM,0.1444,0.2464,0.3,-0.1556,False
CHEMBL1201234,MEPHENTERMINE,0.1471,0.2,0.303,-0.156,False
CHEMBL1089641,TRYPAN BLUE FREE ACID,0.1277,0.1778,0.2838,-0.1561,False
CHEMBL567,PERPHENAZINE,0.2022,0.2619,0.3585,-0.1562,False
CHEMBL1200901,HALOFANTRINE HYDROCHLORIDE,0.2041,0.253,0.3611,-0.157,False
CHEMBL75435,DEXKETOPROFEN,0.1644,0.2462,0.3214,-0.157,False
CHEMBL571,KETOPROFEN,0.1644,0.2462,0.3214,-0.157,False
CHEMBL1200695,PHENYLPROPANOLAMINE HYDROCHLORIDE,0.1471,0.1852,0.3043,-0.1573,False
CHEMBL704,MESALAMINE,0.1389,0.2105,0.2963,-0.1574,False
CHEMBL1201102,TRIFLUPROMAZINE HYDROCHLORIDE,0.1809,0.2692,0.3382,-0.1574,False
CHEMBL54349,ALPIDEM,0.2118,0.2763,0.3699,-0.1581,False
CHEMBL1200,BENOXINATE,0.1928,0.375,0.3509,-0.1581,False
CHEMBL152684,BECLOBRATE,0.2025,0.2821,0.3607,-0.1581,False
CHEMBL1201044,DAPIPRAZOLE HYDROCHLORIDE,0.1839,0.2576,0.3425,-0.1586,False
CHEMBL1492500,DOTHIEPIN,0.1294,0.1842,0.2881,-0.1587,False
CHEMBL9225,HEXESTROL,0.1299,0.1833,0.2889,-0.159,False
CHEMBL1190,DECAMETHONIUM,0.0469,0.0678,0.2059,-0.159,False
CHEMBL849,TRICLOSAN,0.1268,0.2462,0.2857,-0.159,False
CHEMBL254857,FIPEXIDE,0.2911,0.4848,0.4507,-0.1596,False
CHEMBL1200392,DOXYLAMINE SUCCINATE,0.1951,0.2985,0.3548,-0.1597,False
CHEMBL1201082,FLUOXETINE HYDROCHLORIDE,0.2468,0.2632,0.4068,-0.16,False
CHEMBL570,TRIFLUPROMAZINE,0.1828,0.2727,0.3433,-0.1605,False
CHEMBL1201342,METHIXENE,0.1728,0.2254,0.3333,-0.1605,False
CHEMBL568,OXAZEPAM,0.1829,0.2083,0.3438,-0.1608,False
CHEMBL1255739,METHAPYRILENE HYDROCHLORIDE,0.1481,0.2105,0.3091,-0.1609,False
CHEMBL1201216,DAPIPRAZOLE,0.186,0.2615,0.3472,-0.1612,False
CHEMBL22097,LORMETAZEPAM,0.1765,0.2658,0.3377,-0.1612,False
CHEMBL1201266,LODOXAMIDE,0.12,0.2581,0.2812,-0.1613,False
CHEMBL819,OXACILLIN,0.1915,0.2174,0.3529,-0.1615,False
CHEMBL61006,PHENYLPROPANOLAMINE,0.1493,0.1887,0.3111,-0.1619,False
CHEMBL1908906,FLORBETABEN,0.1235,0.2459,0.2857,-0.1623,False
CHEMBL2106829,METHAQUALONE HYDROCHLORIDE,0.1711,0.2836,0.3333,-0.1623,False
CHEMBL566752,FLORBETABEN F18,0.1235,0.2459,0.2857,-0.1623,False
CHEMBL1200912,PHENTERMINE HYDROCHLORIDE,0.1493,0.1915,0.3125,-0.1632,False
CHEMBL2105743,OLODATEROL HYDROCHLORIDE,0.2292,0.2386,0.3924,-0.1632,False
CHEMBL1200612,DIBUCAINE HYDROCHLORIDE,0.1789,0.3562,0.3421,-0.1632,False
CHEMBL1200985,CEFTIBUTEN DIHYDRATE,0.1471,0.1735,0.3103,-0.1633,False
CHEMBL3137317,SONIDEGIB PHOSPHATE,0.2,0.3736,0.3636,-0.1636,False
CHEMBL6995,PRACTOLOL,0.2073,0.339,0.371,-0.1637,False
CHEMBL1742423,BILASTINE,0.2551,0.3953,0.4189,-0.1638,False
CHEMBL41,FLUOXETINE,0.25,0.2667,0.4138,-0.1638,False
CHEMBL1257040,TRIFLUOPERAZINE HYDROCHLORIDE,0.2128,0.2824,0.3768,-0.164,False
CHEMBL2106615,BAZEDOXIFENE ACETATE,0.2759,0.3467,0.44,-0.1641,False
CHEMBL1605,CEFTIBUTEN,0.1485,0.1753,0.313,-0.1645,False
CHEMBL1200446,TRIPELENNAMINE HYDROCHLORIDE,0.2027,0.2712,0.3673,-0.1646,False
CHEMBL1200350,IODIPAMIDE SODIUM,0.1395,0.2,0.3043,-0.1648,False
CHEMBL1411979,METHAPYRILENE,0.15,0.2133,0.3148,-0.1648,False
CHEMBL282052,METHAQUALONE,0.1733,0.2879,0.3385,-0.1651,False
CHEMBL1201295,BITOLTEROL,0.1512,0.2535,0.3167,-0.1655,False
CHEMBL605846,OLODATEROL,0.2316,0.2414,0.3974,-0.1659,False
CHEMBL1046,AMINOCAPROIC ACID,0.0909,0.1304,0.2571,-0.1662,False
CHEMBL4650272,TRILACICLIB DIHYDROCHLORIDE,0.19,0.2396,0.3563,-0.1663,False
CHEMBL354077,AMIFAMPRIDINE,0.0779,0.1343,0.2444,-0.1665,False
CHEMBL1801800,METABROMSALAN,0.1818,0.2542,0.3488,-0.167,False
CHEMBL15677,FENCLOFENAC,0.1772,0.2817,0.3443,-0.167,False
CHEMBL1698,BUPROPION HYDROCHLORIDE,0.1558,0.3016,0.3231,-0.1672,False
CHEMBL1201735,BUPROPION HYDROBROMIDE,0.1558,0.3016,0.3231,-0.1672,False
CHEMBL422,TRIFLUOPERAZINE,0.2151,0.2857,0.3824,-0.1673,False
CHEMBL2105712,AFATINIB DIMALEATE,0.2072,0.2857,0.375,-0.1678,False
CHEMBL1200598,DIETHYLSTILBESTROL DIPHOSPHATE,0.1875,0.2593,0.3556,-0.1681,False
CHEMBL3894860,TRILACICLIB,0.1919,0.2421,0.3605,-0.1685,False
CHEMBL3989567,OXACILLIN SODIUM,0.1837,0.2083,0.3523,-0.1686,False
CHEMBL46740,BAZEDOXIFENE,0.2619,0.3571,0.4306,-0.1687,False
CHEMBL126224,IPRINDOLE,0.1591,0.2568,0.3281,-0.169,False
CHEMBL1378,THIETHYLPERAZINE,0.1932,0.2317,0.3623,-0.1691,False
CHEMBL2104287,DIBENZEPIN HYDROCHLORIDE,0.1688,0.2258,0.338,-0.1692,False
CHEMBL1136,TELITHROMYCIN,0.1667,0.2132,0.3359,-0.1693,False
CHEMBL1474963,BENZARONE,0.1707,0.209,0.34,-0.1693,False
CHEMBL720,BENZYL ALCOHOL,0.1639,0.2045,0.3333,-0.1694,False
CHEMBL424,SALICYLIC ACID,0.1639,0.1833,0.3333,-0.1694,False
CHEMBL1241,TRIPELENNAMINE,0.2055,0.2759,0.375,-0.1695,False
CHEMBL2107360,PALIPERIDONE PALMITATE,0.287,0.2719,0.4565,-0.1695,False
CHEMBL646,TRIAZOLAM,0.1477,0.2152,0.3175,-0.1697,False
CHEMBL1020,TOLMETIN,0.1392,0.2462,0.3091,-0.1699,False
CHEMBL231068,FLIBANSERIN,0.2584,0.3023,0.4286,-0.1701,False
CHEMBL894,BUPROPION,0.1579,0.3065,0.3281,-0.1702,False
CHEMBL1200473,CYCLOPENTOLATE HYDROCHLORIDE,0.1951,0.2879,0.3654,-0.1703,False
CHEMBL1887891,DEXFENFLURAMINE HYDROCHLORIDE,0.1852,0.2464,0.3556,-0.1704,False
CHEMBL2106217,FENFLURAMINE HYDROCHLORIDE,0.1852,0.2464,0.3556,-0.1704,False
CHEMBL3544906,BENZPHETAMINE HYDROCHLORIDE,0.1884,0.2593,0.359,-0.1706,False
CHEMBL501,AMPHETAMINE SULFATE,0.1884,0.2459,0.359,-0.1706,False
CHEMBL3544971,DEXTROAMPHETAMINE SULFATE,0.1884,0.2459,0.359,-0.1706,False
CHEMBL1004,DOXYLAMINE,0.1818,0.2698,0.3529,-0.1711,False
CHEMBL1574,PHENTERMINE,0.1515,0.1957,0.3226,-0.1711,False
CHEMBL16476,PRONETALOL,0.1757,0.322,0.3469,-0.1713,False
CHEMBL1852688,INFIGRATINIB,0.2079,0.3222,0.3793,-0.1714,False
CHEMBL1442422,DIBENZEPIN,0.1711,0.2295,0.3429,-0.1718,False
CHEMBL1200385,ARBUTAMINE HYDROCHLORIDE,0.1277,0.2,0.3,-0.1723,False
CHEMBL431770,ISTRADEFYLLINE,0.2111,0.3188,0.3836,-0.1725,False
CHEMBL1466,DICUMAROL,0.16,0.2121,0.3333,-0.1733,False
CHEMBL1200599,DIFENOXIN HYDROCHLORIDE,0.2169,0.2727,0.3906,-0.1738,False
CHEMBL580,LORAZEPAM,0.1647,0.225,0.3385,-0.1738,False
CHEMBL1200964,AMITRIPTYLINE HYDROCHLORIDE,0.1467,0.2353,0.3208,-0.1741,False
CHEMBL117785,TETRABENAZINE,0.2069,0.2429,0.381,-0.1741,False
CHEMBL346235,DIAMTHAZOLE DIHYDROCHLORIDE,0.1829,0.3443,0.3571,-0.1742,False
CHEMBL27810,CELIPROLOL,0.1538,0.4118,0.3286,-0.1747,False
CHEMBL608,PROBUCOL,0.0845,0.1406,0.2593,-0.1748,False
CHEMBL1201338,CYCLOPENTOLATE,0.1975,0.2923,0.3725,-0.175,False
CHEMBL1173655,AFATINIB,0.215,0.2755,0.39,-0.175,False
CHEMBL1201770,METHYLNALTREXONE BROMIDE,0.1616,0.1845,0.3368,-0.1752,False
CHEMBL2096639,BACITRACIN ZINC,0.1627,0.3119,0.338,-0.1753,False
CHEMBL782,TOLBUTAMIDE,0.1477,0.2537,0.3231,-0.1753,False
CHEMBL1746,SODIUM PHENYLBUTYRATE,0.1667,0.2759,0.3421,-0.1754,False
CHEMBL1201047,ANILERIDINE HYDROCHLORIDE,0.2651,0.2879,0.4412,-0.1761,False
CHEMBL248702,DEXFENFLURAMINE,0.1875,0.25,0.3636,-0.1761,False
CHEMBL87493,FENFLURAMINE,0.1875,0.25,0.3636,-0.1761,False
CHEMBL108545,METHYL SALICYLATE,0.1571,0.2281,0.3333,-0.1762,False
CHEMBL1593719,PHENICARBAZIDE,0.1571,0.2075,0.3333,-0.1762,False
CHEMBL4650226,ACORAMIDIS HYDROCHLORIDE,0.1818,0.2597,0.3582,-0.1764,False
CHEMBL5095050,FINGOLIMOD LAURYL SULFATE,0.1379,0.24,0.3148,-0.1769,False
CHEMBL1524273,PHTHALYLSULFATHIAZOLE,0.1429,0.2609,0.32,-0.1771,False
CHEMBL1201251,ARBUTAMINE,0.129,0.2029,0.3061,-0.1771,False
CHEMBL1742424,CELIPROLOL HYDROCHLORIDE,0.1522,0.4058,0.3294,-0.1772,False
CHEMBL1690,HYDROXYCHLOROQUINE SULFATE,0.1649,0.2614,0.3421,-0.1772,False
CHEMBL1186579,METHYLNALTREXONE,0.1633,0.1863,0.3404,-0.1772,False
CHEMBL3545985,BENZPHETAMINE,0.1912,0.2642,0.3684,-0.1772,False
CHEMBL1201321,DIFENOXIN,0.2195,0.2763,0.3968,-0.1773,False
CHEMBL1834657,INFIGRATINIB PHOSPHATE,0.2,0.3226,0.3778,-0.1778,False
CHEMBL2110824,BUSERELIN,0.1761,0.3793,0.3541,-0.178,False
CHEMBL1116,RALOXIFENE HYDROCHLORIDE,0.2527,0.3553,0.4308,-0.178,False
CHEMBL1621,PALIPERIDONE,0.3158,0.2843,0.494,-0.1782,False
CHEMBL1200755,CERULETIDE DIETHYLAMINE,0.1569,0.3586,0.335,-0.1782,False
CHEMBL1788132,LOFEXIDINE HYDROCHLORIDE,0.1392,0.1864,0.3175,-0.1782,False
CHEMBL1200360,IOFETAMINE HYDROCHLORIDE I 123,0.1467,0.1692,0.325,-0.1783,False
CHEMBL629,AMITRIPTYLINE,0.1486,0.2388,0.3269,-0.1783,False
CHEMBL1184360,DIAMTHAZOLE,0.1852,0.35,0.3636,-0.1785,False
CHEMBL1201355,CERULETIDE,0.1583,0.3679,0.3368,-0.1785,False
CHEMBL1448,NICLOSAMIDE,0.1446,0.2639,0.3231,-0.1785,False
CHEMBL1201247,GOSERELIN,0.1772,0.3744,0.3558,-0.1786,False
CHEMBL1200469,PROMAZINE HYDROCHLORIDE,0.16,0.2167,0.339,-0.179,False
CHEMBL1201347,ANILERIDINE,0.2683,0.2923,0.4478,-0.1795,False
CHEMBL1201255,HISTRELIN,0.1852,0.3902,0.3649,-0.1797,False
CHEMBL3940890,ACORAMIDIS,0.1839,0.2632,0.3636,-0.1797,False
CHEMBL63857,PHENOLPHTHALEIN,0.12,0.1558,0.3,-0.18,False
CHEMBL1201159,FENTANYL HYDROCHLORIDE,0.2405,0.3649,0.4211,-0.1805,False
CHEMBL1909282,FENCLOZIC ACID,0.2297,0.2885,0.4107,-0.181,False
CHEMBL1691,BETAXOLOL HYDROCHLORIDE,0.1807,0.2716,0.3623,-0.1816,False
CHEMBL1200837,LEVOBETAXOLOL HYDROCHLORIDE,0.1807,0.2716,0.3623,-0.1816,False
CHEMBL1705,CLONIDINE HYDROCHLORIDE,0.1184,0.1912,0.3,-0.1816,False
CHEMBL17860,LOFEXIDINE,0.141,0.1897,0.3226,-0.1816,False
CHEMBL81,RALOXIFENE,0.2556,0.36,0.4375,-0.1819,False
CHEMBL2106198,BUSERELIN ACETATE,0.1812,0.3824,0.3636,-0.1824,False
CHEMBL1086440,TRICLABENDAZOLE,0.1264,0.2439,0.3088,-0.1824,False
CHEMBL2105737,SONIDEGIB,0.1939,0.3708,0.3765,-0.1826,False
CHEMBL1407915,NEFOPAM HYDROCHLORIDE,0.1899,0.2424,0.3725,-0.1827,False
CHEMBL564,PROMAZINE,0.1622,0.2203,0.3448,-0.1827,False
CHEMBL1200501,GOSERELIN ACETATE,0.1824,0.3775,0.3654,-0.183,False
CHEMBL269644,ACETANILIDE,0.254,0.3103,0.4375,-0.1835,False
CHEMBL2106122,EMEPRONIUM BROMIDE,0.1333,0.1897,0.3171,-0.1837,False
CHEMBL1200745,OXPRENOLOL HYDROCHLORIDE,0.1605,0.2414,0.3443,-0.1838,False
CHEMBL3544973,CEFTAROLINE FOSAMIL ACETATE,0.1471,0.1606,0.3309,-0.1839,False
CHEMBL1201274,LEVOBETAXOLOL,0.1829,0.275,0.3676,-0.1847,False
CHEMBL423,BETAXOLOL,0.1829,0.275,0.3676,-0.1847,False
CHEMBL1200509,HISTRELIN ACETATE,0.1829,0.3865,0.3679,-0.185,False
CHEMBL596,FENTANYL,0.2436,0.3699,0.4286,-0.185,False
CHEMBL1201167,CARVEDILOL PHOSPHATE,0.1915,0.2619,0.3766,-0.1851,False
CHEMBL134,CLONIDINE,0.12,0.194,0.3051,-0.1851,False
CHEMBL1263,SALMETEROL,0.1538,0.2135,0.3393,-0.1854,False
CHEMBL1367605,RITODRINE HYDROCHLORIDE,0.1605,0.2545,0.3462,-0.1857,False
CHEMBL501122,CEFTAROLINE FOSAMIL,0.145,0.1624,0.3309,-0.1858,False
CHEMBL1200776,CINACALCET HYDROCHLORIDE,0.1758,0.2805,0.3623,-0.1865,False
CHEMBL1500276,OXELADIN,0.1585,0.3281,0.3455,-0.1869,False
CHEMBL395429,OXYTOCIN,0.1729,0.3368,0.3598,-0.1869,False
CHEMBL142635,NAFTOPIDIL,0.1954,0.2875,0.3824,-0.187,False
CHEMBL1200893,PROTOKYLOL HYDROCHLORIDE,0.1413,0.3205,0.3284,-0.1871,False
CHEMBL1319362,HOMATROPINE HYDROBROMIDE,0.2027,0.2464,0.3898,-0.1871,False
CHEMBL1713,CHLORPROMAZINE HYDROCHLORIDE,0.1667,0.2381,0.3538,-0.1872,False
CHEMBL1388,MONOBENZONE,0.2742,0.3333,0.4615,-0.1873,False
CHEMBL546,OXPRENOLOL,0.1625,0.2456,0.35,-0.1875,False
CHEMBL2105719,DACOMITINIB,0.2273,0.3398,0.4149,-0.1876,False
CHEMBL1200418,DOBUTAMINE HYDROCHLORIDE,0.1585,0.2373,0.3462,-0.1876,False
CHEMBL465026,NEFOPAM,0.1923,0.2462,0.38,-0.1877,False
CHEMBL2024517,CARIPRAZINE HYDROCHLORIDE,0.2333,0.2857,0.4211,-0.1877,False
CHEMBL2105749,SAMIDORPHAN L-MALATE,0.1589,0.2202,0.3465,-0.1877,False
CHEMBL1201733,PAZOPANIB HYDROCHLORIDE,0.1359,0.2159,0.3239,-0.188,False
CHEMBL1726,NISOLDIPINE,0.1522,0.1954,0.3412,-0.189,False
CHEMBL58510,CHLOROQUINE PHOSPHATE,0.172,0.2442,0.3611,-0.1891,False
CHEMBL193,NIFEDIPINE,0.1566,0.2078,0.3457,-0.1891,False
CHEMBL4802223,LEUPROLIDE MESYLATE,0.1753,0.3909,0.3645,-0.1892,False
CHEMBL1909286,PHENOXYPROPAZINE,0.1714,0.283,0.3611,-0.1897,False
CHEMBL1201284,CINACALCET,0.1778,0.284,0.3676,-0.1899,False
CHEMBL967,TEMAZEPAM,0.2073,0.2468,0.3973,-0.1899,False
CHEMBL2110805,EMEPRONIUM,0.1351,0.193,0.325,-0.1899,False
CHEMBL2146124,CEFUROXIME SODIUM,0.1776,0.1961,0.3675,-0.19,False
CHEMBL2110732,DACOMITINIB ANHYDROUS,0.2294,0.3333,0.4194,-0.19,False
CHEMBL83063,RITODRINE,0.1625,0.2593,0.3529,-0.1904,False
CHEMBL1201273,PROTOKYLOL,0.1429,0.3247,0.3333,-0.1905,False
CHEMBL71,CHLORPROMAZINE,0.1687,0.2419,0.3594,-0.1907,False
CHEMBL2028019,CARIPRAZINE,0.236,0.2892,0.4267,-0.1907,False
CHEMBL1200383,BENZTROPINE MESYLATE,0.2025,0.2464,0.3934,-0.1909,False
CHEMBL706,CETYL ALCOHOL,0.0946,0.1311,0.2857,-0.1911,False
CHEMBL1200453,DOCOSANOL,0.0946,0.1311,0.2857,-0.1911,False
CHEMBL1618018,HOMATROPINE,0.2055,0.25,0.3966,-0.1911,False
CHEMBL477772,PAZOPANIB,0.1373,0.2184,0.3286,-0.1913,False
CHEMBL926,DOBUTAMINE,0.1605,0.2414,0.3529,-0.1924,False
CHEMBL1200409,LIDOCAINE HYDROCHLORIDE,0.1519,0.2679,0.3448,-0.1929,False
CHEMBL1200516,GONADORELIN HYDROCHLORIDE,0.1795,0.392,0.3725,-0.1931,False
CHEMBL1200813,ACEBUTOLOL HYDROCHLORIDE,0.1739,0.3714,0.3676,-0.1937,False
CHEMBL1007,GONADORELIN,0.1806,0.3939,0.3744,-0.1937,False
CHEMBL723,CARVEDILOL,0.1889,0.2471,0.3836,-0.1947,False
CHEMBL146095,GLAFENINE,0.1613,0.2414,0.3562,-0.1949,False
CHEMBL1909283,MEBANAZINE,0.1471,0.1923,0.3429,-0.1958,False
CHEMBL54976,TRYPTOPHAN,0.1512,0.1948,0.3469,-0.1958,False
CHEMBL1200558,BACITRACIN,0.1656,0.3224,0.3619,-0.1963,False
CHEMBL3989507,EDETATE DISODIUM,0.08,0.1562,0.2766,-0.1966,False
CHEMBL1469,PHENYLBUTANOIC ACID,0.1746,0.2909,0.3714,-0.1968,False
CHEMBL642,ACEBUTOLOL,0.1758,0.3768,0.3731,-0.1973,False
CHEMBL1200511,GONADORELIN ACETATE,0.1847,0.395,0.3824,-0.1976,False
CHEMBL1200406,DIMENHYDRINATE,0.2159,0.2247,0.4138,-0.1979,False
CHEMBL1593558,DEBRISOQUIN SULFATE,0.1519,0.2319,0.35,-0.1981,False
CHEMBL1200492,NEFAZODONE HYDROCHLORIDE,0.268,0.3261,0.4667,-0.1986,False
CHEMBL1200497,CYCLIZINE LACTATE,0.2297,0.2568,0.4286,-0.1988,False
CHEMBL4297213,AFAMELANOTIDE ACETATE,0.1739,0.3333,0.3732,-0.1993,False
CHEMBL1200554,TRIPTORELIN PAMOATE,0.1617,0.3732,0.3615,-0.1998,False
CHEMBL441738,AFAMELANOTIDE,0.175,0.3349,0.375,-0.2,False
CHEMBL1201308,IOFETAMINE,0.1333,0.2239,0.3333,-0.2,False
CHEMBL1201199,LEUPROLIDE,0.1733,0.3938,0.3737,-0.2004,False
CHEMBL1528839,PHENFORMIN HYDROCHLORIDE,0.141,0.28,0.3415,-0.2004,False
CHEMBL1201309,NAFARELIN,0.172,0.399,0.3725,-0.2006,False
CHEMBL14370,REBOXETINE,0.1609,0.2267,0.3621,-0.2011,False
CHEMBL2095212,MIRABEGRON,0.1782,0.284,0.3793,-0.2011,False
CHEMBL79,LIDOCAINE,0.1558,0.2778,0.3571,-0.2013,False
CHEMBL1749,EDETATE DISODIUM ANHYDROUS,0.0811,0.1406,0.2826,-0.2015,False
CHEMBL1305,ANTAZOLINE,0.1818,0.2059,0.3846,-0.2028,False
CHEMBL1615372,LURASIDONE HYDROCHLORIDE,0.2045,0.1915,0.4074,-0.2029,False
CHEMBL744,RILUZOLE,0.1299,0.2727,0.3333,-0.2035,False
CHEMBL1201178,LISDEXAMFETAMINE DIMESYLATE,0.1765,0.2267,0.38,-0.2035,False
CHEMBL623,NEFAZODONE,0.2708,0.3297,0.4746,-0.2037,False
CHEMBL411,DIETHYLSTILBESTROL,0.1212,0.1837,0.325,-0.2038,False
CHEMBL1200885,ALOSETRON HYDROCHLORIDE,0.1932,0.284,0.3971,-0.2039,False
CHEMBL3701238,FUTIBATINIB,0.2143,0.25,0.4184,-0.2041,False
CHEMBL1200671,NAFARELIN ACETATE,0.1761,0.4,0.3805,-0.2044,False
CHEMBL1535,HYDROXYCHLOROQUINE,0.1613,0.2619,0.3662,-0.2049,False
CHEMBL1200841,PROCAINE HYDROCHLORIDE,0.1549,0.3704,0.36,-0.2051,False
CHEMBL1200560,GUANABENZ ACETATE,0.1463,0.1972,0.3519,-0.2055,False
CHEMBL1237021,LURASIDONE,0.2069,0.1935,0.4125,-0.2056,False
CHEMBL1201759,BEPOTASTINE BESYLATE,0.234,0.3256,0.44,-0.206,False
CHEMBL1201171,PRAMOXINE HYDROCHLORIDE,0.3188,0.3175,0.525,-0.2062,False
CHEMBL648,CYCLIZINE,0.2029,0.2373,0.4091,-0.2062,False
CHEMBL170988,PHENFORMIN,0.1429,0.2857,0.35,-0.2071,False
CHEMBL1110,ALOSETRON,0.1954,0.2875,0.403,-0.2076,False
CHEMBL3545311,BRIGATINIB,0.2136,0.2626,0.4216,-0.208,False
CHEMBL1200532,METHDILAZINE HYDROCHLORIDE,0.175,0.2464,0.3833,-0.2083,False
CHEMBL1717,TICLOPIDINE HYDROCHLORIDE,0.1852,0.2537,0.3934,-0.2083,False
CHEMBL426084,SAMIDORPHAN,0.1649,0.2371,0.3736,-0.2087,False
CHEMBL1200690,LYPRESSIN,0.1791,0.328,0.388,-0.2089,False
CHEMBL2105760,BREXPIPRAZOLE,0.2584,0.2738,0.4675,-0.2091,False
CHEMBL1200775,LEUPROLIDE ACETATE,0.1722,0.3949,0.3819,-0.2097,False
CHEMBL2103784,COSYNTROPIN,0.152,0.3839,0.3619,-0.2099,False
CHEMBL569,PROCAINE,0.1571,0.3774,0.3673,-0.2102,False
CHEMBL564085,TROLEANDOMYCIN,0.1416,0.1333,0.3519,-0.2103,False
CHEMBL169901,DEBRISOQUIN,0.1467,0.2308,0.3571,-0.2105,False
CHEMBL2361370,PENBUTOLOL SULFATE,0.1705,0.2911,0.3824,-0.2119,False
CHEMBL1183717,ALMITRINE,0.1739,0.2133,0.386,-0.2121,False
CHEMBL833,TICLOPIDINE,0.1875,0.2576,0.4,-0.2125,False
CHEMBL1200959,METHDILAZINE,0.1772,0.25,0.3898,-0.2126,False
CHEMBL3186993,HYDROXYZINE HYDROCHLORIDE,0.1905,0.2794,0.4035,-0.213,False
CHEMBL1201334,TRIPTORELIN,0.1722,0.399,0.3858,-0.2136,False
CHEMBL1200949,BETAZOLE HYDROCHLORIDE,0.0988,0.14,0.3125,-0.2137,False
CHEMBL1200895,PHENELZINE SULFATE,0.1644,0.2766,0.3784,-0.214,False
CHEMBL1198,PRAMOXINE,0.3235,0.3226,0.5385,-0.2149,False
CHEMBL94081,ALCLOFENAC,0.1744,0.2568,0.3898,-0.2154,False
CHEMBL1410,NONOXYNOL 9,0.1538,0.2535,0.3696,-0.2157,False
CHEMBL127516,BUTAMBEN,0.1642,0.2623,0.38,-0.2158,False
CHEMBL1200326,NICARDIPINE HYDROCHLORIDE,0.2396,0.3253,0.4556,-0.216,False
CHEMBL1200974,CARBINOXAMINE MALEATE,0.1977,0.2949,0.4138,-0.2161,False
CHEMBL1671,PROPRANOLOL HYDROCHLORIDE,0.1772,0.3148,0.3934,-0.2162,False
CHEMBL1701,MEPERIDINE HYDROCHLORIDE,0.2338,0.3134,0.45,-0.2162,False
CHEMBL32800,FENOTEROL,0.1392,0.1867,0.3556,-0.2163,False
CHEMBL1200794,OXYMORPHONE HYDROCHLORIDE,0.1789,0.1954,0.3953,-0.2164,False
CHEMBL1238,AZELAIC ACID,0.0833,0.1321,0.3,-0.2167,False
CHEMBL525076,ENFUVIRTIDE,0.1401,0.314,0.3571,-0.217,False
CHEMBL376359,ALOGLIPTIN,0.2065,0.3117,0.4235,-0.217,False
CHEMBL896,HYDROXYZINE,0.1928,0.2836,0.4107,-0.2179,False
CHEMBL425,OLSALAZINE,0.1216,0.1667,0.3396,-0.218,False
CHEMBL1484,NICARDIPINE,0.2421,0.3293,0.4607,-0.2186,False
CHEMBL414357,EXENATIDE,0.1407,0.3734,0.3593,-0.2186,False
CHEMBL963,OXYMORPHONE,0.1809,0.1977,0.4,-0.2191,False
CHEMBL1201323,BETAZOLE,0.1,0.1429,0.3191,-0.2191,False
CHEMBL1201203,BENZTROPINE,0.1733,0.2742,0.3929,-0.2195,False
CHEMBL4297165,CHLOROQUINE HYDROCHLORIDE,0.1685,0.2143,0.3881,-0.2195,False
CHEMBL4297533,BREMELANOTIDE ACETATE,0.1689,0.3802,0.3886,-0.2197,False
CHEMBL539770,TERODILINE HYDROCHLORIDE,0.1644,0.1923,0.3846,-0.2202,False
CHEMBL27,PROPRANOLOL,0.1795,0.3208,0.4,-0.2205,False
CHEMBL2070241,BREMELANOTIDE,0.1701,0.3822,0.3906,-0.2206,False
CHEMBL607,MEPERIDINE,0.2368,0.3182,0.4576,-0.2208,False
CHEMBL24,ATENOLOL,0.1818,0.2703,0.4032,-0.2214,False
CHEMBL373742,VASOPRESSIN,0.1752,0.3804,0.3967,-0.2216,False
CHEMBL14376,ILOPERIDONE,0.3913,0.3537,0.6133,-0.222,False
CHEMBL443605,HEXYLRESORCINOL,0.1389,0.2239,0.3611,-0.2222,False
CHEMBL3989520,HISTAMINE PHOSPHATE,0.1325,0.2535,0.3556,-0.223,False
CHEMBL76,CHLOROQUINE,0.1705,0.2169,0.3939,-0.2235,False
CHEMBL1529,DIPHENIDOL HYDROCHLORIDE,0.2174,0.3385,0.4419,-0.2245,False
CHEMBL4084119,LIRAGLUTIDE,0.1257,0.3716,0.3502,-0.2245,False
CHEMBL421,SULFASALAZINE,0.1429,0.1807,0.3676,-0.2248,False
CHEMBL3142541,BUTAMBEN PICRATE,0.1461,0.2564,0.371,-0.2249,False
CHEMBL780,PENTETIC ACID,0.0909,0.1633,0.3171,-0.2262,False
CHEMBL387675,DAPTOMYCIN,0.1524,0.3381,0.3786,-0.2262,False
CHEMBL3833340,AZTREONAM LYSINE,0.1518,0.1981,0.3782,-0.2264,False
CHEMBL395110,MEPAZINE,0.1728,0.2254,0.4,-0.2272,False
CHEMBL1429,DESMOPRESSIN,0.1727,0.3838,0.4,-0.2273,False
CHEMBL521606,NADOLOL,0.1512,0.2429,0.3788,-0.2276,False
CHEMBL1201222,LISDEXAMFETAMINE,0.1852,0.2254,0.413,-0.2279,False
CHEMBL363295,TERODILINE,0.1667,0.1961,0.3947,-0.2281,False
CHEMBL2135460,TERLIPRESSIN,0.1761,0.3472,0.4064,-0.2304,False
CHEMBL525610,TERIPARATIDE,0.1361,0.3971,0.3676,-0.2316,False
CHEMBL936,DIPHENIDOL,0.2206,0.3438,0.4524,-0.2318,False
CHEMBL1237080,GRANISETRON HYDROCHLORIDE,0.2209,0.28,0.4531,-0.2322,False
CHEMBL1201758,BEPOTASTINE,0.2529,0.3544,0.4853,-0.2324,False
CHEMBL434200,TERTATOLOL,0.1348,0.2192,0.3676,-0.2328,False
CHEMBL1200328,DULOXETINE HYDROCHLORIDE,0.1264,0.2571,0.3594,-0.2329,False
CHEMBL18,ETHOXZOLAMIDE,0.1728,0.2838,0.4062,-0.2334,False
CHEMBL3989555,MECLIZINE HYDROCHLORIDE,0.2289,0.3077,0.4643,-0.2354,False
CHEMBL577736,TYROTHRICIN,0.1736,0.3764,0.4091,-0.2355,False
CHEMBL289469,GRANISETRON,0.2235,0.2838,0.4603,-0.2368,False
CHEMBL1201002,CARTEOLOL HYDROCHLORIDE,0.1573,0.2262,0.3944,-0.2371,False
CHEMBL1175,DULOXETINE,0.1279,0.2609,0.3651,-0.2372,False
CHEMBL187709,TRIPARANOL,0.1744,0.371,0.4118,-0.2373,False
CHEMBL528,CEFTIZOXIME,0.16,0.1868,0.3981,-0.2381,False
CHEMBL1607273,CETIRIZINE HYDROCHLORIDE,0.2,0.2895,0.4386,-0.2386,False
CHEMBL1201190,LEVOCETIRIZINE DIHYDROCHLORIDE,0.2,0.2895,0.4386,-0.2386,False
CHEMBL1201059,PROGUANIL HYDROCHLORIDE,0.1205,0.2759,0.36,-0.2395,False
CHEMBL42,CLOZAPINE,0.2195,0.2632,0.459,-0.2395,False
CHEMBL1200556,DESMOPRESSIN ACETATE,0.169,0.385,0.4086,-0.2396,False
CHEMBL839,CARTEOLOL,0.1591,0.2289,0.4,-0.2409,False
CHEMBL13,METOPROLOL,0.1688,0.2568,0.4098,-0.241,False
CHEMBL3989566,METOPROLOL FUMARATE,0.1829,0.2794,0.4242,-0.2413,False
CHEMBL1213250,CEFTOLOZANE SULFATE,0.1357,0.1736,0.3778,-0.2421,False
CHEMBL511142,BUPRENORPHINE,0.1495,0.2095,0.3918,-0.2422,False
CHEMBL4594293,ACALABRUTINIB MALEATE,0.1933,0.3125,0.4356,-0.2424,False
CHEMBL1201288,DANTROLENE,0.1429,0.2,0.3857,-0.2429,False
CHEMBL1201765,FESOTERODINE FUMARATE,0.1828,0.3421,0.4262,-0.2434,False
CHEMBL1200761,CHLOROTRIANISENE,0.2063,0.28,0.45,-0.2437,False
CHEMBL1201177,LEVOBUNOLOL HYDROCHLORIDE,0.1591,0.2439,0.403,-0.2439,False
CHEMBL1000,CETIRIZINE,0.2025,0.2933,0.4464,-0.2439,False
CHEMBL1201191,LEVOCETIRIZINE,0.2025,0.2933,0.4464,-0.2439,False
CHEMBL454446,CEFDITOREN PIVOXIL,0.145,0.1842,0.3889,-0.2439,False
CHEMBL1642,IMATINIB MESYLATE,0.25,0.4,0.4946,-0.2446,False
CHEMBL1377,PROGUANIL,0.122,0.2807,0.3673,-0.2454,False
CHEMBL2062335,METOPROLOL TARTRATE,0.1852,0.2836,0.4308,-0.2456,False
CHEMBL1615374,VILAZODONE HYDROCHLORIDE,0.2178,0.2453,0.4634,-0.2456,False
CHEMBL2103872,CEFTOLOZANE,0.1377,0.1765,0.3835,-0.2458,False
CHEMBL1623,MECLIZINE,0.2346,0.2987,0.4815,-0.2469,False
CHEMBL1201237,LEVOBUNOLOL,0.1609,0.2469,0.4091,-0.2482,False
CHEMBL439849,VILAZODONE,0.22,0.2476,0.4691,-0.2491,False
CHEMBL3039508,NALDEMEDINE TOSYLATE,0.1732,0.2154,0.4224,-0.2492,False
CHEMBL227529,ALOGLIPTIN BENZOATE,0.2165,0.2976,0.4659,-0.2494,False
CHEMBL1201087,CABERGOLINE,0.1553,0.2017,0.4048,-0.2494,False
CHEMBL5315056,NALOXONE HYDROCHLORIDE DIHYDRATE,0.1616,0.1809,0.4111,-0.2495,False
CHEMBL2219425,ARIPIPRAZOLE LAUROXIL,0.1944,0.3152,0.4444,-0.25,False
CHEMBL500,PINDOLOL,0.1429,0.2542,0.3939,-0.2511,False
CHEMBL1095292,BRETYLIUM TOSYLATE,0.1047,0.1579,0.3559,-0.2513,False
CHEMBL2104987,TEDUGLUTIDE,0.1207,0.381,0.372,-0.2513,False
CHEMBL1165268,IODIPAMIDE,0.1294,0.2055,0.381,-0.2515,False
CHEMBL2368861,BUPRENORPHINE HYDROCHLORIDE,0.1481,0.2075,0.4,-0.2519,False
CHEMBL1718,NALOXONE HYDROCHLORIDE,0.1633,0.1828,0.4157,-0.2525,False
CHEMBL1564,DIPHENYLPYRALINE HYDROCHLORIDE,0.2192,0.3167,0.4717,-0.2525,False
CHEMBL1290,PENBUTOLOL,0.1596,0.2687,0.4127,-0.2531,False
CHEMBL1140,NIACINAMIDE,0.1304,0.2542,0.3846,-0.2542,False
CHEMBL19393,LEVAMFETAMINE,0.1692,0.2281,0.4242,-0.255,False
CHEMBL612,DEXTROAMPHETAMINE,0.1692,0.2281,0.4242,-0.255,False
CHEMBL405,AMPHETAMINE,0.1692,0.2281,0.4242,-0.255,False
CHEMBL5095505,AMPHETAMINE/DEXTROAMPHETAMINE,0.1692,0.2281,0.4242,-0.255,False
CHEMBL80,NALOXONE,0.1649,0.1848,0.4205,-0.2555,False
CHEMBL544665,FINGOLIMOD HYDROCHLORIDE,0.1395,0.2615,0.3953,-0.2558,False
CHEMBL941,IMATINIB,0.2604,0.4198,0.5169,-0.2564,False
CHEMBL46516,FLUSPIRILENE,0.2128,0.3,0.4697,-0.2569,False
CHEMBL4297220,ASCIMINIB HYDROCHLORIDE,0.2121,0.3523,0.4691,-0.257,False
CHEMBL308954,ETRAVIRINE,0.1111,0.2135,0.3684,-0.2573,False
CHEMBL928,DANTROLENE SODIUM,0.117,0.1957,0.375,-0.258,False
CHEMBL1492,DIPHENYLPYRALINE,0.2222,0.322,0.4808,-0.2585,False
CHEMBL4297088,CHLORHEXIDINE GLUCONATE,0.1413,0.2676,0.4,-0.2587,False
CHEMBL927,CEFDINIR,0.1346,0.1579,0.3945,-0.2599,False
CHEMBL85,RISPERIDONE,0.337,0.2772,0.5974,-0.2604,False
CHEMBL4208229,ASCIMINIB,0.2143,0.3563,0.475,-0.2607,False
CHEMBL1201019,CEFTIZOXIME SODIUM,0.1553,0.1778,0.4167,-0.2613,False
CHEMBL1404,RANOLAZINE,0.2135,0.3049,0.4769,-0.2634,False
CHEMBL314854,FINGOLIMOD,0.1412,0.2656,0.4048,-0.2636,False
CHEMBL601719,CRIZOTINIB,0.16,0.2527,0.425,-0.265,False
CHEMBL1201115,ESMOLOL HYDROCHLORIDE,0.2099,0.2597,0.4754,-0.2655,False
CHEMBL3989820,ZOLPIDEM TARTRATE,0.1707,0.2568,0.4366,-0.2659,False
CHEMBL2105755,NALDEMEDINE,0.1897,0.233,0.4563,-0.2667,False
CHEMBL3183193,CEFMENOXIME HYDROCHLORIDE,0.1513,0.1776,0.4202,-0.2689,False
CHEMBL2219416,NALOXEGOL OXALATE,0.1743,0.2062,0.4433,-0.269,False
CHEMBL1057,FLUORESCEIN,0.1392,0.175,0.4085,-0.2692,False
CHEMBL3707348,ACALABRUTINIB,0.193,0.3333,0.4632,-0.2702,False
CHEMBL768,ESMOLOL,0.2125,0.2632,0.4833,-0.2708,False
CHEMBL1201764,FESOTERODINE,0.1932,0.3662,0.4643,-0.2711,False
CHEMBL1201224,CEFMENOXIME,0.1525,0.1792,0.4237,-0.2712,False
CHEMBL2360580,BUCLIZINE HYDROCHLORIDE,0.2658,0.3231,0.5385,-0.2726,False
CHEMBL2219418,NALOXEGOL,0.1589,0.198,0.4316,-0.2727,False
CHEMBL158,AZTREONAM,0.1456,0.1959,0.419,-0.2734,False
CHEMBL1201016,CEFPODOXIME PROXETIL,0.1525,0.1759,0.4274,-0.2748,False
CHEMBL1541,CEFIXIME,0.1481,0.1683,0.4234,-0.2753,False
CHEMBL4650273,SETMELANOTIDE ACETATE,0.1538,0.4054,0.4293,-0.2755,False
CHEMBL3301624,SETMELANOTIDE,0.1549,0.4076,0.4317,-0.2768,False
CHEMBL1201271,BUCLIZINE,0.2692,0.3281,0.549,-0.2798,False
CHEMBL161,CEFTRIAXONE,0.1513,0.1776,0.4322,-0.2809,False
CHEMBL1200940,METOCLOPRAMIDE HYDROCHLORIDE,0.1702,0.4762,0.4531,-0.2829,False
CHEMBL3989767,CALCITONIN SALMON,0.1371,0.3843,0.4201,-0.283,False
CHEMBL1083993,AMIODARONE HYDROCHLORIDE,0.1524,0.3117,0.4359,-0.2835,False
CHEMBL864,CARBINOXAMINE,0.175,0.2533,0.46,-0.285,False
CHEMBL291338,"3,3',4',5-TETRACHLOROSALICYLANILIDE",0.1728,0.2958,0.4583,-0.2855,False
CHEMBL576127,FENSPIRIDE,0.2432,0.3636,0.5294,-0.2862,False
CHEMBL633,AMIODARONE,0.1538,0.3158,0.4416,-0.2877,False
CHEMBL1200798,TRAZODONE HYDROCHLORIDE,0.2697,0.3333,0.56,-0.2903,False
CHEMBL420,GUANABENZ,0.1047,0.1667,0.3958,-0.2912,False
CHEMBL86,METOCLOPRAMIDE,0.1739,0.4918,0.4677,-0.2938,False
CHEMBL911,ZOLPIDEM,0.1867,0.2836,0.4844,-0.2977,False
CHEMBL3301675,LINACLOTIDE,0.1667,0.4096,0.4645,-0.2978,False
CHEMBL621,TRAZODONE,0.2727,0.3373,0.5714,-0.2987,False
CHEMBL294199,CAPSAICIN,0.1839,0.2468,0.4839,-0.3,False
CHEMBL1533310,HISTAMINE DIHYDROCHLORIDE,0.0988,0.2174,0.4,-0.3012,False
CHEMBL1357648,AMODIAQUINE HYDROCHLORIDE,0.1685,0.2763,0.4706,-0.302,False
CHEMBL2103739,EMEDASTINE DIFUMARATE,0.2174,0.3103,0.5231,-0.3057,False
CHEMBL607710,CHLORPHENESIN CARBAMATE,0.16,0.2931,0.4667,-0.3067,False
CHEMBL1089,PHENELZINE,0.1449,0.2558,0.4516,-0.3067,False
CHEMBL4594248,CALCITONIN HUMAN,0.1275,0.4231,0.4342,-0.3068,False
CHEMBL1165342,VINCAMINE,0.2,0.2809,0.5068,-0.3068,False
CHEMBL6067656,CEFTRIAXONE SODIUM,0.1463,0.1641,0.4538,-0.3074,False
CHEMBL90,HISTAMINE,0.1,0.2206,0.4103,-0.3103,False
CHEMBL1112,ARIPIPRAZOLE,0.2198,0.325,0.5303,-0.3105,False
CHEMBL1174,EPTIFIBATIDE,0.1515,0.4294,0.4629,-0.3113,False
CHEMBL2356097,METOPROLOL SUCCINATE,0.1882,0.2836,0.5,-0.3118,False
CHEMBL1428,NIMODIPINE,0.1579,0.25,0.4699,-0.312,False
CHEMBL682,AMODIAQUINE,0.1724,0.2838,0.4848,-0.3124,False
CHEMBL2103758,PRAMLINTIDE,0.1286,0.3765,0.4412,-0.3126,False
CHEMBL2106076,CEFPIROME SULFATE,0.1527,0.1719,0.4667,-0.314,False
CHEMBL1730,CEFOTAXIME,0.1574,0.1765,0.4722,-0.3148,False
CHEMBL111,RIMONABANT,0.1932,0.3377,0.5082,-0.315,False
CHEMBL3833353,PRAMLINTIDE ACETATE,0.1279,0.3735,0.4435,-0.3157,False
CHEMBL2105395,OSPEMIFENE,0.1842,0.3051,0.5,-0.3158,False
CHEMBL1873475,IBRUTINIB,0.2391,0.2604,0.5618,-0.3227,False
CHEMBL65794,CEFPIROME,0.1557,0.176,0.4786,-0.3229,False
CHEMBL1672,CEFPODOXIME,0.1619,0.1818,0.4857,-0.3238,False
CHEMBL3707266,RIBOCICLIB SUCCINATE,0.2059,0.2524,0.5309,-0.325,False
CHEMBL1200478,DYCLONINE HYDROCHLORIDE,0.25,0.4242,0.58,-0.33,False
CHEMBL2107834,RIOCIGUAT,0.2178,0.2353,0.5479,-0.3301,False
CHEMBL741,LAMOTRIGINE,0.1,0.1739,0.4314,-0.3314,False
CHEMBL1201089,DIPHENHYDRAMINE CITRATE,0.1875,0.2923,0.5217,-0.3342,False
CHEMBL1700,SOTALOL HYDROCHLORIDE,0.1429,0.2361,0.48,-0.3371,False
CHEMBL1201217,DYCLONINE,0.253,0.4308,0.5918,-0.3388,False
CHEMBL1201185,LANREOTIDE,0.1594,0.4032,0.5,-0.3406,False
CHEMBL1200480,OCTREOTIDE ACETATE,0.1527,0.3791,0.4939,-0.3412,False
CHEMBL1213251,CLOBENZOREX,0.1447,0.2063,0.4872,-0.3424,False
CHEMBL1680,OCTREOTIDE,0.1538,0.3812,0.4969,-0.3431,False
CHEMBL267495,NALFURAFINE,0.1727,0.2035,0.5158,-0.3431,False
CHEMBL471,SOTALOL,0.1446,0.2394,0.4898,-0.3452,False
CHEMBL1201184,LANREOTIDE ACETATE,0.1571,0.4064,0.5029,-0.3458,False
CHEMBL1200962,CEFEPIME HYDROCHLORIDE,0.1667,0.1887,0.5138,-0.3471,False
CHEMBL5315055,NALMEFENE HYDROCHLORIDE DIHYDRATE,0.1515,0.2222,0.5,-0.3485,False
CHEMBL490665,NALFURAFINE HYDROCHLORIDE,0.1712,0.2018,0.5204,-0.3492,False
CHEMBL237500,LINAGLIPTIN,0.1909,0.2525,0.5422,-0.3513,False
CHEMBL218650,DELAMANID,0.2347,0.3125,0.5867,-0.352,False
CHEMBL256907,MARAVIROC,0.25,0.233,0.6026,-0.3526,False
CHEMBL1201152,NALMEFENE HYDROCHLORIDE,0.1531,0.2121,0.506,-0.353,False
CHEMBL1200952,METHAMPHETAMINE HYDROCHLORIDE,0.1618,0.2373,0.5152,-0.3534,False
CHEMBL2105980,CHLORPHENOXAMINE HYDROCHLORIDE,0.1558,0.2742,0.5102,-0.3544,False
CHEMBL982,NALMEFENE,0.1546,0.2143,0.5122,-0.3576,False
CHEMBL2110774,CHLORPHENOXAMINE,0.1579,0.2787,0.5208,-0.3629,False
CHEMBL1201149,NALTREXONE HYDROCHLORIDE,0.1771,0.2245,0.5432,-0.3661,False
CHEMBL1201201,METHAMPHETAMINE,0.1642,0.2414,0.5312,-0.3671,False
CHEMBL2103867,PLECANATIDE,0.121,0.4278,0.4914,-0.3704,False
CHEMBL1010,CEFOTAXIME SODIUM,0.1478,0.1731,0.5189,-0.371,False
CHEMBL19019,NALTREXONE,0.1789,0.2268,0.55,-0.3711,False
CHEMBL1200675,TOREMIFENE CITRATE,0.2022,0.3286,0.5741,-0.3718,False
CHEMBL1702,ATOMOXETINE HYDROCHLORIDE,0.1461,0.2206,0.5192,-0.3732,False
CHEMBL3545110,RIBOCICLIB,0.1939,0.2473,0.5733,-0.3795,False
CHEMBL641,ATOMOXETINE,0.1477,0.2239,0.5294,-0.3817,False
CHEMBL348000,CINCHOPHEN,0.1912,0.339,0.5814,-0.3902,False
CHEMBL15023,TRIFLUPERIDOL,0.2421,0.4366,0.6429,-0.4008,False
CHEMBL1201132,NALBUPHINE HYDROCHLORIDE,0.1531,0.1881,0.5625,-0.4094,False
CHEMBL2104391,INSULIN DETEMIR,0.1215,0.4643,0.5309,-0.4094,False
CHEMBL189963,PALBOCICLIB,0.19,0.2376,0.6,-0.41,False
CHEMBL1200967,BROMODIPHENHYDRAMINE HYDROCHLORIDE,0.1867,0.2581,0.6,-0.4133,False
CHEMBL895,NALBUPHINE,0.1546,0.19,0.5696,-0.415,False
CHEMBL1200768,CEFTAZIDIME SODIUM,0.1478,0.1786,0.5648,-0.417,False
CHEMBL1659,CHLORPHENIRAMINE MALEATE,0.2073,0.32,0.625,-0.4177,False
CHEMBL1200927,DEXCHLORPHENIRAMINE MALEATE,0.2073,0.32,0.625,-0.4177,False
CHEMBL2106915,METHOPHOLINE,0.2235,0.3429,0.6415,-0.418,False
CHEMBL2110962,MEFENOREX,0.1806,0.2241,0.6,-0.4194,False
CHEMBL594,EMEDASTINE,0.1839,0.2763,0.6071,-0.4232,False
CHEMBL1200986,HALOPERIDOL DECANOATE,0.2079,0.44,0.6333,-0.4254,False
CHEMBL1201245,BROMODIPHENHYDRAMINE,0.1892,0.2623,0.6154,-0.4262,False
CHEMBL790,CHLORHEXIDINE,0.1176,0.2982,0.5455,-0.4278,False
CHEMBL4594214,ZICONOTIDE,0.1218,0.3886,0.5503,-0.4285,False
CHEMBL297302,BENPERIDOL,0.2584,0.4167,0.6897,-0.4312,False
CHEMBL186,CEFEPIME,0.15,0.181,0.5825,-0.4325,False
CHEMBL51,KETANSERIN,0.2809,0.3333,0.7143,-0.4334,False
CHEMBL94454,MIZOLASTINE,0.2473,0.3667,0.6833,-0.436,False
CHEMBL2105566,FENPROPOREX,0.1467,0.2143,0.5833,-0.4367,False
CHEMBL1653,PHENIRAMINE MALEATE,0.2179,0.2817,0.6591,-0.4411,False
CHEMBL2105700,BEDAQUILINE FUMARATE,0.1845,0.2626,0.6282,-0.4437,False
CHEMBL2218877,ERYTHROMYCIN ESTOLATE,0.1223,0.1293,0.5727,-0.4504,False
CHEMBL3545368,PANOBINOSTAT LACTATE,0.1765,0.284,0.6269,-0.4504,False
CHEMBL44354,CEFTAZIDIME,0.1504,0.1818,0.6058,-0.4553,False
CHEMBL1200506,ERYTHROMYCIN LACTOBIONATE,0.1338,0.1391,0.5893,-0.4555,False
CHEMBL2105708,PONATINIB HYDROCHLORIDE,0.243,0.3191,0.7143,-0.4713,False
CHEMBL1171837,PONATINIB,0.2453,0.3226,0.7229,-0.4776,False
CHEMBL1200688,ERYTHROMYCIN ETHYLSUCCINATE,0.1318,0.1295,0.6139,-0.4821,False
CHEMBL1800159,RELUGOLIX,0.2353,0.2353,0.7176,-0.4824,False
CHEMBL3545060,ERYTHROMYCIN GLUCEPTATE,0.1429,0.1479,0.6408,-0.4979,False
CHEMBL376488,BEDAQUILINE,0.1856,0.2474,0.6901,-0.5046,False
CHEMBL3786343,OLMUTINIB,0.2079,0.3218,0.7162,-0.5083,False
CHEMBL2220427,ERYTHROMYCIN PROPIONATE,0.1371,0.1343,0.6458,-0.5087,False
CHEMBL1200916,THIORIDAZINE HYDROCHLORIDE,0.163,0.2289,0.6724,-0.5094,False
CHEMBL483254,PANOBINOSTAT,0.1895,0.2933,0.7,-0.5105,False
CHEMBL1200510,ERYTHROMYCIN STEARATE,0.1395,0.1371,0.6566,-0.517,False
CHEMBL479,THIORIDAZINE,0.1648,0.2317,0.6842,-0.5194,False
CHEMBL1655,TOREMIFENE,0.2179,0.35,0.7381,-0.5201,False
CHEMBL1620,DIPHENHYDRAMINE HYDROCHLORIDE,0.1857,0.2857,0.7059,-0.5202,False
CHEMBL2403108,CERITINIB,0.1714,0.22,0.6974,-0.5259,False
CHEMBL1200437,QUINIDINE GLUCONATE,0.2381,0.299,0.7714,-0.5333,False
CHEMBL1237072,DIRITHROMYCIN,0.1194,0.1241,0.6535,-0.5341,False
CHEMBL1200395,ORPHENADRINE CITRATE,0.1724,0.2639,0.7111,-0.5387,False
CHEMBL657,DIPHENHYDRAMINE,0.1884,0.2909,0.7273,-0.5389,False
CHEMBL512351,BETRIXABAN,0.2759,0.3293,0.8197,-0.5438,False
CHEMBL1200618,FEXOFENADINE HYDROCHLORIDE,0.2558,0.3023,0.8039,-0.5481,False
CHEMBL786,TAMOXIFEN CITRATE,0.1954,0.3636,0.7447,-0.5493,False
CHEMBL1201353,DEXCHLORPHENIRAMINE,0.1948,0.3,0.75,-0.5552,False
CHEMBL505,CHLORPHENIRAMINE,0.1948,0.3,0.75,-0.5552,False
CHEMBL529,AZITHROMYCIN,0.1475,0.1429,0.7065,-0.559,False
CHEMBL914,FEXOFENADINE,0.2588,0.3059,0.82,-0.5612,False
CHEMBL1741,CLARITHROMYCIN,0.1368,0.1339,0.7045,-0.5678,False
CHEMBL28218,BROMPERIDOL,0.2209,0.5,0.7917,-0.5707,False
CHEMBL6068328,ELTROMBOPAG CHOLINE,0.1565,0.1981,0.7361,-0.5796,False
CHEMBL3185958,CLOMIPHENE CITRATE,0.1667,0.4062,0.75,-0.5833,False
CHEMBL1200961,BROMPHENIRAMINE MALEATE,0.2195,0.28,0.814,-0.5944,False
CHEMBL1200638,DEXBROMPHENIRAMINE MALEATE,0.2195,0.28,0.814,-0.5944,False
CHEMBL1193,PHENIRAMINE,0.2083,0.2576,0.8056,-0.5972,False
CHEMBL532,ERYTHROMYCIN,0.1345,0.1318,0.7471,-0.6127,False
CHEMBL4297147,HALOPERIDOL LACTATE,0.2292,0.5758,0.8431,-0.614,False
CHEMBL1200795,CLEMASTINE FUMARATE,0.2143,0.2875,0.8367,-0.6224,False
CHEMBL43064,CINNARIZINE,0.1818,0.3793,0.8158,-0.634,False
CHEMBL4297211,CEFIDEROCOL SULFATE TOSYLATE,0.1429,0.169,0.7965,-0.6536,False
CHEMBL1567,SUNITINIB MALATE,0.1842,0.2706,0.8382,-0.654,False
CHEMBL1722209,TOLTERODINE TARTRATE,0.1789,0.3,0.8372,-0.6583,False
CHEMBL2448613,PIMAVANSERIN TARTRATE,0.2371,0.3297,0.8983,-0.6612,False
CHEMBL1201052,MESORIDAZINE BESYLATE,0.1683,0.2323,0.8305,-0.6622,False
CHEMBL3989833,ZIPRASIDONE MESYLATE,0.2075,0.2828,0.875,-0.6675,False
CHEMBL2355456,IBUTILIDE FUMARATE,0.1717,0.25,0.8542,-0.6824,False
CHEMBL3707183,QUINIDINE SULFATE,0.2121,0.3182,0.9,-0.6879,False
CHEMBL2359966,QUININE SULFATE,0.2121,0.3182,0.9,-0.6879,False
CHEMBL1729,CISAPRIDE,0.31,0.337,1.0,-0.69,False
CHEMBL3039504,NINTEDANIB ESYLATE,0.2243,0.2842,0.9155,-0.6912,False
CHEMBL1200788,CISAPRIDE MONOHYDRATE,0.3069,0.3333,1.0,-0.6931,False
CHEMBL1275,PERGOLIDE MESYLATE,0.1698,0.1735,0.875,-0.7052,False
CHEMBL1200803,SOLIFENACIN SUCCINATE,0.1889,0.2727,0.9,-0.7111,False
CHEMBL3186492,ONDANSETRON HYDROCHLORIDE,0.2421,0.2963,0.9592,-0.7171,False
CHEMBL3989691,ELTROMBOPAG OLAMINE,0.1714,0.2222,0.8906,-0.7192,False
CHEMBL296419,ASTEMIZOLE,0.2727,0.4699,1.0,-0.7273,False
CHEMBL305660,EBASTINE,0.2706,0.4058,1.0,-0.7294,False
CHEMBL1200935,DARIFENACIN HYDROBROMIDE,0.25,0.3488,0.9811,-0.7311,False
CHEMBL12713,SERTINDOLE,0.26,0.3214,1.0,-0.74,False
CHEMBL1200809,AZELASTINE HYDROCHLORIDE,0.2391,0.3038,0.9796,-0.7405,False
CHEMBL1346,DARIFENACIN,0.2529,0.3529,1.0,-0.7471,False
CHEMBL2111101,PIMAVANSERIN,0.2527,0.3372,1.0,-0.7473,False
CHEMBL1707,LOPERAMIDE HYDROCHLORIDE,0.2299,0.4028,0.9792,-0.7493,False
CHEMBL219916,DOMPERIDONE,0.25,0.3412,1.0,-0.75,False
CHEMBL46,ONDANSETRON,0.2473,0.3038,1.0,-0.7527,False
CHEMBL1534525,MIBEFRADIL DIHYDROCHLORIDE,0.2301,0.2451,0.9865,-0.7564,False
CHEMBL639,AZELASTINE,0.2418,0.3077,1.0,-0.7582,False
CHEMBL17157,TERFENADINE,0.241,0.2892,1.0,-0.759,False
CHEMBL502835,NINTEDANIB,0.2376,0.3034,1.0,-0.7624,False
CHEMBL1423,PIMOZIDE,0.2366,0.321,1.0,-0.7634,False
CHEMBL54,HALOPERIDOL,0.236,0.6271,1.0,-0.764,False
CHEMBL841,LOPERAMIDE,0.2326,0.4085,1.0,-0.7674,False
CHEMBL45816,MIBEFRADIL,0.2321,0.2475,1.0,-0.7679,False
CHEMBL1200382,BEPRIDIL HYDROCHLORIDE,0.1765,0.2289,0.9535,-0.777,False
CHEMBL1201740,NILOTINIB HYDROCHLORIDE MONOHYDRATE,0.1949,0.3412,0.9722,-0.7773,False
CHEMBL1201063,PROPAFENONE HYDROCHLORIDE,0.1977,0.2692,0.9783,-0.7806,False
CHEMBL1108,DROPERIDOL,0.2174,0.3462,1.0,-0.7826,False
CHEMBL170,QUININE,0.2128,0.3415,1.0,-0.7872,False
CHEMBL1294,QUINIDINE,0.2128,0.3415,1.0,-0.7872,False
CHEMBL1201287,DEXBROMPHENIRAMINE,0.2105,0.2571,1.0,-0.7895,False
CHEMBL83,TAMOXIFEN,0.2105,0.3929,1.0,-0.7895,False
CHEMBL811,BROMPHENIRAMINE,0.2105,0.2571,1.0,-0.7895,False
CHEMBL535,SUNITINIB,0.202,0.3108,1.0,-0.798,False
CHEMBL631,PROPAFENONE,0.2,0.2727,1.0,-0.8,False
CHEMBL1201023,ORPHENADRINE HYDROCHLORIDE,0.1688,0.254,0.9697,-0.8009,False
CHEMBL255863,NILOTINIB,0.1983,0.3494,1.0,-0.8017,False
CHEMBL1626,CLEMASTINE,0.1932,0.2877,1.0,-0.8068,False
CHEMBL43,AMSACRINE,0.1882,0.28,1.0,-0.8118,False
CHEMBL708,ZIPRASIDONE,0.1881,0.3077,1.0,-0.8119,False
CHEMBL473,DOFETILIDE,0.1875,0.3333,1.0,-0.8125,False
CHEMBL1734,SOLIFENACIN,0.1868,0.2568,1.0,-0.8132,False
CHEMBL1375743,ZIPRASIDONE HYDROCHLORIDE,0.1845,0.3011,1.0,-0.8155,False
CHEMBL1201729,DRONEDARONE HYDROCHLORIDE,0.1667,0.3117,0.9831,-0.8164,False
CHEMBL1008,BEPRIDIL,0.1807,0.2346,1.0,-0.8193,False
CHEMBL98,VORINOSTAT,0.1795,0.283,1.0,-0.8205,False
CHEMBL2355051,CLOMIPHENE,0.1772,0.4444,1.0,-0.8228,False
CHEMBL71752,VINPOCETINE,0.1753,0.2809,1.0,-0.8247,False
CHEMBL1088,MESORIDAZINE,0.1739,0.2262,1.0,-0.8261,False
CHEMBL533,IBUTILIDE,0.172,0.2471,1.0,-0.828,False
CHEMBL461101,ELTROMBOPAG,0.1717,0.2128,1.0,-0.8283,False
CHEMBL900,ORPHENADRINE,0.1711,0.2581,1.0,-0.8289,False
CHEMBL6966,VERAPAMIL,0.1687,0.2564,1.0,-0.8313,False
CHEMBL184412,DRONEDARONE,0.1682,0.3158,1.0,-0.8318,False
CHEMBL1280,VERAPAMIL HYDROCHLORIDE,0.1667,0.2532,1.0,-0.8333,False
CHEMBL1382,TOLTERODINE,0.1667,0.2923,1.0,-0.8333,False
CHEMBL24072,PRENYLAMINE,0.16,0.2174,1.0,-0.84,False
CHEMBL3989974,CEFIDEROCOL,0.15,0.1783,1.0,-0.85,False
CHEMBL531,PERGOLIDE,0.1471,0.1625,1.0,-0.8529,False
CHEMBL38827,LUMEFANTRINE,0.1304,0.225,1.0,-0.8696,False
CHEMBL1628504,RILPIVIRINE HYDROCHLORIDE,0.1042,0.2043,0.9792,-0.875,False
CHEMBL175691,RILPIVIRINE,0.1053,0.2065,1.0,-0.8947,False
